row_id,repayment_rate
0,0.0
1,0.0
2,0.0
9,0.0
10,0.0
14,0.0
16,0.0
18,0.0
20,0.0
21,0.0
22,0.0
25,0.0
29,0.0
30,0.0
32,0.0
34,0.0
37,0.0
41,0.0
44,0.0
45,0.0
46,0.0
47,0.0
51,0.0
57,0.0
59,0.0
62,0.0
65,0.0
66,0.0
67,0.0
69,0.0
74,0.0
76,0.0
77,0.0
78,0.0
79,0.0
81,0.0
82,0.0
86,0.0
90,0.0
91,0.0
92,0.0
96,0.0
97,0.0
100,0.0
107,0.0
110,0.0
112,0.0
115,0.0
116,0.0
120,0.0
121,0.0
123,0.0
126,0.0
127,0.0
129,0.0
130,0.0
133,0.0
134,0.0
135,0.0
136,0.0
137,0.0
139,0.0
141,0.0
142,0.0
146,0.0
150,0.0
153,0.0
156,0.0
157,0.0
158,0.0
159,0.0
160,0.0
165,0.0
166,0.0
170,0.0
174,0.0
177,0.0
179,0.0
182,0.0
186,0.0
189,0.0
194,0.0
196,0.0
199,0.0
202,0.0
204,0.0
205,0.0
207,0.0
212,0.0
214,0.0
215,0.0
218,0.0
221,0.0
225,0.0
226,0.0
227,0.0
228,0.0
229,0.0
230,0.0
231,0.0
232,0.0
238,0.0
239,0.0
242,0.0
243,0.0
244,0.0
245,0.0
247,0.0
248,0.0
249,0.0
250,0.0
251,0.0
255,0.0
259,0.0
263,0.0
264,0.0
265,0.0
266,0.0
267,0.0
268,0.0
270,0.0
272,0.0
276,0.0
277,0.0
278,0.0
283,0.0
284,0.0
286,0.0
288,0.0
290,0.0
292,0.0
300,0.0
303,0.0
304,0.0
306,0.0
307,0.0
308,0.0
309,0.0
310,0.0
312,0.0
313,0.0
316,0.0
320,0.0
323,0.0
324,0.0
326,0.0
327,0.0
328,0.0
329,0.0
330,0.0
331,0.0
333,0.0
334,0.0
337,0.0
339,0.0
340,0.0
341,0.0
342,0.0
343,0.0
345,0.0
349,0.0
350,0.0
352,0.0
354,0.0
355,0.0
356,0.0
357,0.0
361,0.0
364,0.0
365,0.0
367,0.0
369,0.0
370,0.0
382,0.0
386,0.0
388,0.0
389,0.0
393,0.0
396,0.0
397,0.0
398,0.0
399,0.0
400,0.0
404,0.0
410,0.0
411,0.0
413,0.0
414,0.0
418,0.0
421,0.0
422,0.0
425,0.0
428,0.0
429,0.0
430,0.0
435,0.0
438,0.0
441,0.0
442,0.0
443,0.0
444,0.0
445,0.0
446,0.0
447,0.0
450,0.0
451,0.0
452,0.0
453,0.0
454,0.0
455,0.0
456,0.0
457,0.0
461,0.0
465,0.0
466,0.0
467,0.0
468,0.0
470,0.0
473,0.0
478,0.0
479,0.0
480,0.0
483,0.0
484,0.0
490,0.0
492,0.0
495,0.0
496,0.0
499,0.0
506,0.0
507,0.0
509,0.0
511,0.0
512,0.0
513,0.0
516,0.0
517,0.0
520,0.0
525,0.0
526,0.0
532,0.0
533,0.0
534,0.0
536,0.0
543,0.0
544,0.0
545,0.0
546,0.0
547,0.0
552,0.0
554,0.0
555,0.0
562,0.0
566,0.0
569,0.0
574,0.0
575,0.0
576,0.0
577,0.0
578,0.0
579,0.0
581,0.0
588,0.0
589,0.0
590,0.0
592,0.0
594,0.0
595,0.0
599,0.0
602,0.0
604,0.0
606,0.0
608,0.0
609,0.0
614,0.0
616,0.0
619,0.0
622,0.0
625,0.0
626,0.0
629,0.0
630,0.0
634,0.0
640,0.0
645,0.0
646,0.0
647,0.0
648,0.0
649,0.0
650,0.0
651,0.0
653,0.0
655,0.0
661,0.0
662,0.0
664,0.0
671,0.0
673,0.0
678,0.0
680,0.0
681,0.0
682,0.0
689,0.0
690,0.0
691,0.0
692,0.0
697,0.0
699,0.0
701,0.0
703,0.0
704,0.0
705,0.0
706,0.0
707,0.0
708,0.0
711,0.0
715,0.0
717,0.0
719,0.0
722,0.0
723,0.0
730,0.0
731,0.0
732,0.0
737,0.0
740,0.0
743,0.0
744,0.0
748,0.0
751,0.0
752,0.0
756,0.0
766,0.0
774,0.0
776,0.0
779,0.0
786,0.0
787,0.0
788,0.0
789,0.0
790,0.0
791,0.0
792,0.0
793,0.0
794,0.0
796,0.0
797,0.0
800,0.0
801,0.0
802,0.0
803,0.0
804,0.0
808,0.0
809,0.0
812,0.0
814,0.0
815,0.0
818,0.0
819,0.0
821,0.0
822,0.0
823,0.0
825,0.0
830,0.0
835,0.0
837,0.0
841,0.0
848,0.0
855,0.0
857,0.0
858,0.0
864,0.0
865,0.0
867,0.0
868,0.0
869,0.0
872,0.0
873,0.0
876,0.0
877,0.0
878,0.0
884,0.0
887,0.0
890,0.0
891,0.0
892,0.0
893,0.0
894,0.0
897,0.0
900,0.0
902,0.0
904,0.0
909,0.0
910,0.0
912,0.0
914,0.0
916,0.0
918,0.0
919,0.0
920,0.0
923,0.0
924,0.0
927,0.0
936,0.0
938,0.0
939,0.0
945,0.0
951,0.0
952,0.0
954,0.0
957,0.0
958,0.0
968,0.0
969,0.0
970,0.0
972,0.0
973,0.0
974,0.0
976,0.0
977,0.0
980,0.0
981,0.0
985,0.0
986,0.0
987,0.0
991,0.0
994,0.0
995,0.0
997,0.0
998,0.0
999,0.0
1000,0.0
1003,0.0
1006,0.0
1008,0.0
1012,0.0
1016,0.0
1023,0.0
1024,0.0
1027,0.0
1029,0.0
1031,0.0
1035,0.0
1039,0.0
1045,0.0
1046,0.0
1047,0.0
1052,0.0
1053,0.0
1059,0.0
1060,0.0
1066,0.0
1067,0.0
1073,0.0
1074,0.0
1075,0.0
1077,0.0
1078,0.0
1083,0.0
1088,0.0
1097,0.0
1098,0.0
1101,0.0
1106,0.0
1109,0.0
1111,0.0
1113,0.0
1115,0.0
1118,0.0
1119,0.0
1127,0.0
1128,0.0
1129,0.0
1131,0.0
1132,0.0
1133,0.0
1134,0.0
1136,0.0
1138,0.0
1140,0.0
1145,0.0
1146,0.0
1148,0.0
1150,0.0
1151,0.0
1152,0.0
1153,0.0
1158,0.0
1163,0.0
1168,0.0
1171,0.0
1173,0.0
1174,0.0
1175,0.0
1179,0.0
1180,0.0
1181,0.0
1189,0.0
1190,0.0
1192,0.0
1193,0.0
1194,0.0
1197,0.0
1199,0.0
1201,0.0
1202,0.0
1205,0.0
1209,0.0
1210,0.0
1212,0.0
1217,0.0
1218,0.0
1221,0.0
1225,0.0
1226,0.0
1230,0.0
1235,0.0
1237,0.0
1243,0.0
1248,0.0
1256,0.0
1257,0.0
1259,0.0
1260,0.0
1261,0.0
1263,0.0
1267,0.0
1272,0.0
1281,0.0
1282,0.0
1284,0.0
1285,0.0
1291,0.0
1292,0.0
1293,0.0
1294,0.0
1298,0.0
1300,0.0
1304,0.0
1305,0.0
1306,0.0
1307,0.0
1310,0.0
1311,0.0
1316,0.0
1318,0.0
1324,0.0
1329,0.0
1332,0.0
1334,0.0
1336,0.0
1337,0.0
1339,0.0
1340,0.0
1341,0.0
1342,0.0
1344,0.0
1345,0.0
1346,0.0
1348,0.0
1349,0.0
1351,0.0
1352,0.0
1353,0.0
1357,0.0
1361,0.0
1365,0.0
1366,0.0
1372,0.0
1373,0.0
1374,0.0
1376,0.0
1379,0.0
1380,0.0
1385,0.0
1388,0.0
1391,0.0
1392,0.0
1393,0.0
1394,0.0
1396,0.0
1397,0.0
1400,0.0
1404,0.0
1405,0.0
1406,0.0
1409,0.0
1411,0.0
1413,0.0
1414,0.0
1416,0.0
1418,0.0
1421,0.0
1422,0.0
1424,0.0
1425,0.0
1426,0.0
1429,0.0
1430,0.0
1433,0.0
1438,0.0
1443,0.0
1444,0.0
1445,0.0
1448,0.0
1450,0.0
1452,0.0
1453,0.0
1456,0.0
1457,0.0
1458,0.0
1459,0.0
1460,0.0
1464,0.0
1465,0.0
1466,0.0
1467,0.0
1468,0.0
1469,0.0
1473,0.0
1476,0.0
1483,0.0
1491,0.0
1493,0.0
1494,0.0
1498,0.0
1499,0.0
1500,0.0
1502,0.0
1507,0.0
1509,0.0
1510,0.0
1513,0.0
1514,0.0
1516,0.0
1517,0.0
1518,0.0
1522,0.0
1523,0.0
1536,0.0
1541,0.0
1542,0.0
1546,0.0
1548,0.0
1551,0.0
1552,0.0
1557,0.0
1559,0.0
1560,0.0
1564,0.0
1569,0.0
1570,0.0
1572,0.0
1573,0.0
1576,0.0
1577,0.0
1581,0.0
1582,0.0
1583,0.0
1588,0.0
1589,0.0
1592,0.0
1594,0.0
1599,0.0
1601,0.0
1604,0.0
1605,0.0
1608,0.0
1610,0.0
1612,0.0
1618,0.0
1619,0.0
1622,0.0
1627,0.0
1628,0.0
1637,0.0
1640,0.0
1641,0.0
1642,0.0
1643,0.0
1645,0.0
1650,0.0
1651,0.0
1652,0.0
1655,0.0
1656,0.0
1657,0.0
1658,0.0
1660,0.0
1665,0.0
1666,0.0
1669,0.0
1670,0.0
1671,0.0
1672,0.0
1680,0.0
1682,0.0
1685,0.0
1688,0.0
1689,0.0
1690,0.0
1693,0.0
1703,0.0
1707,0.0
1713,0.0
1714,0.0
1715,0.0
1716,0.0
1720,0.0
1721,0.0
1722,0.0
1726,0.0
1727,0.0
1728,0.0
1736,0.0
1737,0.0
1739,0.0
1740,0.0
1741,0.0
1742,0.0
1745,0.0
1746,0.0
1750,0.0
1751,0.0
1752,0.0
1758,0.0
1760,0.0
1765,0.0
1768,0.0
1769,0.0
1772,0.0
1775,0.0
1777,0.0
1782,0.0
1783,0.0
1784,0.0
1786,0.0
1789,0.0
1790,0.0
1792,0.0
1794,0.0
1795,0.0
1798,0.0
1799,0.0
1800,0.0
1802,0.0
1803,0.0
1804,0.0
1807,0.0
1810,0.0
1812,0.0
1815,0.0
1818,0.0
1820,0.0
1821,0.0
1826,0.0
1827,0.0
1828,0.0
1831,0.0
1832,0.0
1835,0.0
1837,0.0
1838,0.0
1841,0.0
1844,0.0
1847,0.0
1848,0.0
1849,0.0
1851,0.0
1853,0.0
1860,0.0
1861,0.0
1862,0.0
1863,0.0
1864,0.0
1865,0.0
1866,0.0
1867,0.0
1872,0.0
1874,0.0
1876,0.0
1877,0.0
1878,0.0
1879,0.0
1880,0.0
1883,0.0
1885,0.0
1886,0.0
1887,0.0
1888,0.0
1889,0.0
1892,0.0
1893,0.0
1894,0.0
1896,0.0
1900,0.0
1903,0.0
1904,0.0
1905,0.0
1908,0.0
1909,0.0
1913,0.0
1917,0.0
1919,0.0
1923,0.0
1925,0.0
1927,0.0
1931,0.0
1933,0.0
1935,0.0
1939,0.0
1940,0.0
1942,0.0
1943,0.0
1945,0.0
1946,0.0
1947,0.0
1949,0.0
1953,0.0
1955,0.0
1956,0.0
1961,0.0
1962,0.0
1963,0.0
1968,0.0
1969,0.0
1970,0.0
1971,0.0
1972,0.0
1973,0.0
1978,0.0
1980,0.0
1981,0.0
1985,0.0
1987,0.0
1989,0.0
1990,0.0
1991,0.0
1999,0.0
2004,0.0
2005,0.0
2008,0.0
2011,0.0
2017,0.0
2019,0.0
2023,0.0
2024,0.0
2027,0.0
2028,0.0
2029,0.0
2032,0.0
2040,0.0
2041,0.0
2042,0.0
2044,0.0
2049,0.0
2052,0.0
2053,0.0
2055,0.0
2057,0.0
2058,0.0
2059,0.0
2060,0.0
2061,0.0
2062,0.0
2064,0.0
2066,0.0
2067,0.0
2069,0.0
2070,0.0
2072,0.0
2073,0.0
2075,0.0
2078,0.0
2079,0.0
2081,0.0
2083,0.0
2084,0.0
2085,0.0
2088,0.0
2090,0.0
2094,0.0
2096,0.0
2099,0.0
2100,0.0
2101,0.0
2104,0.0
2105,0.0
2107,0.0
2108,0.0
2114,0.0
2115,0.0
2118,0.0
2119,0.0
2120,0.0
2122,0.0
2123,0.0
2124,0.0
2127,0.0
2130,0.0
2131,0.0
2132,0.0
2133,0.0
2136,0.0
2137,0.0
2140,0.0
2141,0.0
2145,0.0
2146,0.0
2147,0.0
2149,0.0
2151,0.0
2155,0.0
2161,0.0
2162,0.0
2163,0.0
2168,0.0
2170,0.0
2176,0.0
2177,0.0
2181,0.0
2184,0.0
2185,0.0
2189,0.0
2193,0.0
2195,0.0
2197,0.0
2201,0.0
2210,0.0
2211,0.0
2212,0.0
2214,0.0
2216,0.0
2220,0.0
2221,0.0
2223,0.0
2226,0.0
2227,0.0
2228,0.0
2229,0.0
2231,0.0
2239,0.0
2241,0.0
2243,0.0
2249,0.0
2252,0.0
2253,0.0
2254,0.0
2257,0.0
2258,0.0
2259,0.0
2262,0.0
2263,0.0
2265,0.0
2266,0.0
2268,0.0
2269,0.0
2270,0.0
2273,0.0
2278,0.0
2279,0.0
2282,0.0
2284,0.0
2285,0.0
2286,0.0
2291,0.0
2292,0.0
2297,0.0
2299,0.0
2300,0.0
2301,0.0
2302,0.0
2306,0.0
2307,0.0
2308,0.0
2317,0.0
2321,0.0
2326,0.0
2328,0.0
2333,0.0
2334,0.0
2336,0.0
2337,0.0
2341,0.0
2342,0.0
2343,0.0
2344,0.0
2347,0.0
2348,0.0
2349,0.0
2357,0.0
2359,0.0
2365,0.0
2369,0.0
2372,0.0
2375,0.0
2376,0.0
2379,0.0
2382,0.0
2384,0.0
2386,0.0
2387,0.0
2389,0.0
2390,0.0
2392,0.0
2394,0.0
2399,0.0
2401,0.0
2405,0.0
2408,0.0
2411,0.0
2412,0.0
2413,0.0
2416,0.0
2421,0.0
2424,0.0
2425,0.0
2426,0.0
2427,0.0
2433,0.0
2437,0.0
2438,0.0
2440,0.0
2443,0.0
2449,0.0
2450,0.0
2451,0.0
2453,0.0
2455,0.0
2457,0.0
2458,0.0
2459,0.0
2460,0.0
2461,0.0
2463,0.0
2465,0.0
2466,0.0
2469,0.0
2472,0.0
2475,0.0
2476,0.0
2478,0.0
2480,0.0
2487,0.0
2489,0.0
2493,0.0
2496,0.0
2498,0.0
2499,0.0
2501,0.0
2502,0.0
2504,0.0
2507,0.0
2510,0.0
2514,0.0
2518,0.0
2522,0.0
2523,0.0
2524,0.0
2526,0.0
2528,0.0
2530,0.0
2534,0.0
2537,0.0
2538,0.0
2541,0.0
2546,0.0
2549,0.0
2550,0.0
2551,0.0
2553,0.0
2555,0.0
2556,0.0
2557,0.0
2558,0.0
2559,0.0
2560,0.0
2561,0.0
2563,0.0
2564,0.0
2565,0.0
2569,0.0
2571,0.0
2572,0.0
2573,0.0
2574,0.0
2575,0.0
2576,0.0
2581,0.0
2582,0.0
2587,0.0
2589,0.0
2590,0.0
2591,0.0
2593,0.0
2597,0.0
2598,0.0
2599,0.0
2601,0.0
2602,0.0
2606,0.0
2611,0.0
2612,0.0
2615,0.0
2617,0.0
2619,0.0
2621,0.0
2627,0.0
2629,0.0
2631,0.0
2632,0.0
2633,0.0
2634,0.0
2635,0.0
2636,0.0
2637,0.0
2639,0.0
2640,0.0
2641,0.0
2647,0.0
2648,0.0
2649,0.0
2653,0.0
2661,0.0
2662,0.0
2663,0.0
2665,0.0
2666,0.0
2668,0.0
2670,0.0
2671,0.0
2672,0.0
2673,0.0
2674,0.0
2675,0.0
2676,0.0
2678,0.0
2679,0.0
2681,0.0
2683,0.0
2686,0.0
2688,0.0
2690,0.0
2695,0.0
2698,0.0
2699,0.0
2702,0.0
2704,0.0
2710,0.0
2716,0.0
2718,0.0
2719,0.0
2720,0.0
2724,0.0
2727,0.0
2734,0.0
2739,0.0
2740,0.0
2741,0.0
2742,0.0
2743,0.0
2747,0.0
2748,0.0
2749,0.0
2751,0.0
2754,0.0
2757,0.0
2758,0.0
2762,0.0
2763,0.0
2764,0.0
2765,0.0
2769,0.0
2770,0.0
2772,0.0
2773,0.0
2774,0.0
2775,0.0
2779,0.0
2781,0.0
2782,0.0
2783,0.0
2784,0.0
2785,0.0
2787,0.0
2788,0.0
2789,0.0
2791,0.0
2792,0.0
2794,0.0
2796,0.0
2803,0.0
2805,0.0
2807,0.0
2809,0.0
2810,0.0
2811,0.0
2812,0.0
2815,0.0
2816,0.0
2818,0.0
2819,0.0
2822,0.0
2823,0.0
2828,0.0
2829,0.0
2833,0.0
2835,0.0
2838,0.0
2841,0.0
2843,0.0
2844,0.0
2845,0.0
2846,0.0
2848,0.0
2849,0.0
2851,0.0
2852,0.0
2854,0.0
2856,0.0
2858,0.0
2859,0.0
2862,0.0
2864,0.0
2865,0.0
2866,0.0
2867,0.0
2868,0.0
2871,0.0
2873,0.0
2874,0.0
2878,0.0
2883,0.0
2884,0.0
2886,0.0
2887,0.0
2889,0.0
2891,0.0
2895,0.0
2896,0.0
2897,0.0
2898,0.0
2901,0.0
2903,0.0
2905,0.0
2906,0.0
2908,0.0
2911,0.0
2913,0.0
2916,0.0
2917,0.0
2925,0.0
2929,0.0
2931,0.0
2933,0.0
2936,0.0
2939,0.0
2940,0.0
2943,0.0
2947,0.0
2948,0.0
2949,0.0
2953,0.0
2954,0.0
2958,0.0
2959,0.0
2961,0.0
2962,0.0
2964,0.0
2966,0.0
2970,0.0
2971,0.0
2974,0.0
2975,0.0
2978,0.0
2979,0.0
2980,0.0
2984,0.0
2986,0.0
2988,0.0
2990,0.0
2995,0.0
2996,0.0
2997,0.0
3003,0.0
3004,0.0
3006,0.0
3007,0.0
3008,0.0
3009,0.0
3010,0.0
3011,0.0
3013,0.0
3014,0.0
3016,0.0
3017,0.0
3018,0.0
3019,0.0
3023,0.0
3027,0.0
3028,0.0
3030,0.0
3032,0.0
3033,0.0
3034,0.0
3039,0.0
3043,0.0
3044,0.0
3045,0.0
3048,0.0
3049,0.0
3050,0.0
3052,0.0
3053,0.0
3054,0.0
3055,0.0
3056,0.0
3057,0.0
3059,0.0
3061,0.0
3064,0.0
3068,0.0
3074,0.0
3075,0.0
3077,0.0
3080,0.0
3081,0.0
3084,0.0
3086,0.0
3087,0.0
3089,0.0
3090,0.0
3091,0.0
3093,0.0
3101,0.0
3103,0.0
3105,0.0
3106,0.0
3107,0.0
3111,0.0
3112,0.0
3119,0.0
3120,0.0
3122,0.0
3123,0.0
3124,0.0
3125,0.0
3128,0.0
3130,0.0
3131,0.0
3132,0.0
3135,0.0
3141,0.0
3144,0.0
3145,0.0
3146,0.0
3147,0.0
3150,0.0
3152,0.0
3160,0.0
3162,0.0
3163,0.0
3164,0.0
3165,0.0
3166,0.0
3169,0.0
3171,0.0
3177,0.0
3179,0.0
3180,0.0
3183,0.0
3184,0.0
3185,0.0
3187,0.0
3193,0.0
3196,0.0
3198,0.0
3199,0.0
3202,0.0
3206,0.0
3212,0.0
3213,0.0
3216,0.0
3217,0.0
3221,0.0
3224,0.0
3230,0.0
3231,0.0
3233,0.0
3235,0.0
3236,0.0
3240,0.0
3241,0.0
3243,0.0
3244,0.0
3245,0.0
3247,0.0
3248,0.0
3250,0.0
3251,0.0
3257,0.0
3259,0.0
3261,0.0
3264,0.0
3267,0.0
3268,0.0
3270,0.0
3272,0.0
3274,0.0
3275,0.0
3276,0.0
3277,0.0
3278,0.0
3280,0.0
3283,0.0
3284,0.0
3285,0.0
3286,0.0
3287,0.0
3289,0.0
3292,0.0
3293,0.0
3295,0.0
3298,0.0
3299,0.0
3307,0.0
3308,0.0
3309,0.0
3310,0.0
3312,0.0
3314,0.0
3320,0.0
3321,0.0
3322,0.0
3323,0.0
3326,0.0
3332,0.0
3335,0.0
3338,0.0
3347,0.0
3349,0.0
3350,0.0
3353,0.0
3357,0.0
3358,0.0
3361,0.0
3363,0.0
3366,0.0
3367,0.0
3368,0.0
3369,0.0
3370,0.0
3373,0.0
3378,0.0
3379,0.0
3383,0.0
3384,0.0
3387,0.0
3389,0.0
3391,0.0
3392,0.0
3397,0.0
3398,0.0
3401,0.0
3403,0.0
3405,0.0
3406,0.0
3407,0.0
3415,0.0
3420,0.0
3421,0.0
3424,0.0
3428,0.0
3429,0.0
3430,0.0
3431,0.0
3434,0.0
3435,0.0
3439,0.0
3440,0.0
3443,0.0
3445,0.0
3446,0.0
3449,0.0
3453,0.0
3456,0.0
3460,0.0
3461,0.0
3463,0.0
3473,0.0
3475,0.0
3476,0.0
3478,0.0
3479,0.0
3482,0.0
3483,0.0
3486,0.0
3487,0.0
3490,0.0
3492,0.0
3493,0.0
3498,0.0
3499,0.0
3500,0.0
3501,0.0
3502,0.0
3503,0.0
3505,0.0
3506,0.0
3507,0.0
3508,0.0
3516,0.0
3520,0.0
3522,0.0
3524,0.0
3526,0.0
3527,0.0
3531,0.0
3535,0.0
3536,0.0
3539,0.0
3542,0.0
3544,0.0
3550,0.0
3551,0.0
3552,0.0
3557,0.0
3559,0.0
3561,0.0
3562,0.0
3563,0.0
3564,0.0
3570,0.0
3571,0.0
3576,0.0
3577,0.0
3578,0.0
3582,0.0
3583,0.0
3585,0.0
3586,0.0
3590,0.0
3592,0.0
3593,0.0
3594,0.0
3598,0.0
3600,0.0
3607,0.0
3610,0.0
3613,0.0
3615,0.0
3616,0.0
3617,0.0
3619,0.0
3621,0.0
3626,0.0
3630,0.0
3631,0.0
3633,0.0
3634,0.0
3638,0.0
3640,0.0
3641,0.0
3643,0.0
3644,0.0
3646,0.0
3649,0.0
3654,0.0
3655,0.0
3660,0.0
3661,0.0
3662,0.0
3664,0.0
3666,0.0
3671,0.0
3672,0.0
3674,0.0
3676,0.0
3678,0.0
3680,0.0
3685,0.0
3686,0.0
3689,0.0
3695,0.0
3701,0.0
3704,0.0
3707,0.0
3708,0.0
3709,0.0
3712,0.0
3717,0.0
3719,0.0
3722,0.0
3725,0.0
3728,0.0
3729,0.0
3731,0.0
3737,0.0
3738,0.0
3743,0.0
3744,0.0
3746,0.0
3747,0.0
3750,0.0
3751,0.0
3754,0.0
3756,0.0
3762,0.0
3763,0.0
3771,0.0
3772,0.0
3775,0.0
3776,0.0
3778,0.0
3780,0.0
3782,0.0
3783,0.0
3785,0.0
3789,0.0
3790,0.0
3791,0.0
3792,0.0
3795,0.0
3797,0.0
3799,0.0
3800,0.0
3802,0.0
3810,0.0
3813,0.0
3815,0.0
3817,0.0
3818,0.0
3823,0.0
3825,0.0
3826,0.0
3829,0.0
3831,0.0
3832,0.0
3835,0.0
3836,0.0
3837,0.0
3838,0.0
3840,0.0
3841,0.0
3842,0.0
3843,0.0
3845,0.0
3847,0.0
3848,0.0
3849,0.0
3856,0.0
3861,0.0
3865,0.0
3866,0.0
3868,0.0
3879,0.0
3880,0.0
3885,0.0
3886,0.0
3887,0.0
3888,0.0
3892,0.0
3894,0.0
3896,0.0
3898,0.0
3900,0.0
3901,0.0
3902,0.0
3903,0.0
3904,0.0
3905,0.0
3906,0.0
3907,0.0
3910,0.0
3911,0.0
3912,0.0
3915,0.0
3916,0.0
3920,0.0
3925,0.0
3926,0.0
3932,0.0
3936,0.0
3937,0.0
3942,0.0
3943,0.0
3944,0.0
3948,0.0
3951,0.0
3953,0.0
3956,0.0
3958,0.0
3960,0.0
3969,0.0
3971,0.0
3972,0.0
3979,0.0
3981,0.0
3983,0.0
3984,0.0
3987,0.0
3993,0.0
3994,0.0
3996,0.0
4002,0.0
4004,0.0
4006,0.0
4007,0.0
4010,0.0
4013,0.0
4015,0.0
4016,0.0
4017,0.0
4020,0.0
4022,0.0
4024,0.0
4025,0.0
4026,0.0
4027,0.0
4028,0.0
4030,0.0
4032,0.0
4033,0.0
4035,0.0
4038,0.0
4039,0.0
4044,0.0
4047,0.0
4048,0.0
4055,0.0
4056,0.0
4057,0.0
4059,0.0
4064,0.0
4065,0.0
4066,0.0
4068,0.0
4069,0.0
4072,0.0
4073,0.0
4077,0.0
4088,0.0
4091,0.0
4095,0.0
4096,0.0
4100,0.0
4101,0.0
4102,0.0
4104,0.0
4105,0.0
4106,0.0
4108,0.0
4110,0.0
4111,0.0
4113,0.0
4114,0.0
4116,0.0
4121,0.0
4122,0.0
4124,0.0
4130,0.0
4133,0.0
4139,0.0
4143,0.0
4146,0.0
4147,0.0
4148,0.0
4152,0.0
4153,0.0
4156,0.0
4163,0.0
4165,0.0
4167,0.0
4169,0.0
4170,0.0
4177,0.0
4182,0.0
4185,0.0
4187,0.0
4188,0.0
4189,0.0
4190,0.0
4192,0.0
4194,0.0
4196,0.0
4199,0.0
4201,0.0
4202,0.0
4203,0.0
4206,0.0
4211,0.0
4212,0.0
4213,0.0
4214,0.0
4216,0.0
4218,0.0
4219,0.0
4222,0.0
4224,0.0
4225,0.0
4226,0.0
4227,0.0
4231,0.0
4232,0.0
4234,0.0
4235,0.0
4237,0.0
4242,0.0
4246,0.0
4248,0.0
4250,0.0
4251,0.0
4253,0.0
4255,0.0
4257,0.0
4258,0.0
4260,0.0
4263,0.0
4265,0.0
4269,0.0
4271,0.0
4275,0.0
4276,0.0
4277,0.0
4278,0.0
4281,0.0
4282,0.0
4283,0.0
4288,0.0
4291,0.0
4293,0.0
4295,0.0
4297,0.0
4302,0.0
4304,0.0
4305,0.0
4306,0.0
4307,0.0
4310,0.0
4314,0.0
4322,0.0
4326,0.0
4333,0.0
4334,0.0
4336,0.0
4337,0.0
4340,0.0
4341,0.0
4342,0.0
4345,0.0
4346,0.0
4348,0.0
4352,0.0
4357,0.0
4358,0.0
4359,0.0
4361,0.0
4363,0.0
4364,0.0
4367,0.0
4368,0.0
4369,0.0
4372,0.0
4373,0.0
4379,0.0
4383,0.0
4385,0.0
4391,0.0
4396,0.0
4397,0.0
4399,0.0
4401,0.0
4403,0.0
4405,0.0
4406,0.0
4407,0.0
4411,0.0
4412,0.0
4413,0.0
4417,0.0
4424,0.0
4429,0.0
4431,0.0
4433,0.0
4434,0.0
4435,0.0
4439,0.0
4440,0.0
4446,0.0
4448,0.0
4449,0.0
4454,0.0
4458,0.0
4459,0.0
4460,0.0
4461,0.0
4465,0.0
4467,0.0
4468,0.0
4472,0.0
4473,0.0
4479,0.0
4480,0.0
4482,0.0
4485,0.0
4486,0.0
4489,0.0
4492,0.0
4496,0.0
4500,0.0
4505,0.0
4506,0.0
4517,0.0
4520,0.0
4525,0.0
4527,0.0
4529,0.0
4532,0.0
4533,0.0
4535,0.0
4538,0.0
4539,0.0
4542,0.0
4543,0.0
4546,0.0
4552,0.0
4554,0.0
4555,0.0
4556,0.0
4559,0.0
4562,0.0
4564,0.0
4567,0.0
4569,0.0
4570,0.0
4573,0.0
4575,0.0
4576,0.0
4578,0.0
4579,0.0
4581,0.0
4585,0.0
4586,0.0
4589,0.0
4593,0.0
4594,0.0
4595,0.0
4598,0.0
4599,0.0
4601,0.0
4606,0.0
4609,0.0
4610,0.0
4614,0.0
4615,0.0
4616,0.0
4620,0.0
4621,0.0
4622,0.0
4626,0.0
4636,0.0
4637,0.0
4639,0.0
4641,0.0
4642,0.0
4644,0.0
4646,0.0
4652,0.0
4659,0.0
4662,0.0
4663,0.0
4664,0.0
4667,0.0
4668,0.0
4670,0.0
4672,0.0
4674,0.0
4678,0.0
4680,0.0
4681,0.0
4683,0.0
4686,0.0
4690,0.0
4692,0.0
4694,0.0
4696,0.0
4700,0.0
4701,0.0
4703,0.0
4708,0.0
4710,0.0
4713,0.0
4714,0.0
4716,0.0
4719,0.0
4720,0.0
4721,0.0
4722,0.0
4727,0.0
4729,0.0
4731,0.0
4735,0.0
4737,0.0
4738,0.0
4740,0.0
4745,0.0
4746,0.0
4747,0.0
4748,0.0
4752,0.0
4754,0.0
4755,0.0
4758,0.0
4760,0.0
4762,0.0
4764,0.0
4767,0.0
4770,0.0
4772,0.0
4773,0.0
4774,0.0
4778,0.0
4782,0.0
4785,0.0
4786,0.0
4787,0.0
4788,0.0
4793,0.0
4796,0.0
4797,0.0
4802,0.0
4804,0.0
4810,0.0
4815,0.0
4819,0.0
4822,0.0
4825,0.0
4826,0.0
4829,0.0
4830,0.0
4834,0.0
4836,0.0
4837,0.0
4838,0.0
4841,0.0
4844,0.0
4846,0.0
4847,0.0
4849,0.0
4853,0.0
4855,0.0
4857,0.0
4865,0.0
4868,0.0
4873,0.0
4874,0.0
4876,0.0
4877,0.0
4880,0.0
4884,0.0
4885,0.0
4886,0.0
4888,0.0
4890,0.0
4891,0.0
4892,0.0
4895,0.0
4898,0.0
4899,0.0
4900,0.0
4902,0.0
4903,0.0
4904,0.0
4908,0.0
4909,0.0
4910,0.0
4912,0.0
4913,0.0
4919,0.0
4920,0.0
4922,0.0
4924,0.0
4925,0.0
4926,0.0
4928,0.0
4930,0.0
4931,0.0
4933,0.0
4936,0.0
4938,0.0
4939,0.0
4941,0.0
4942,0.0
4943,0.0
4945,0.0
4946,0.0
4947,0.0
4949,0.0
4954,0.0
4955,0.0
4959,0.0
4963,0.0
4966,0.0
4970,0.0
4975,0.0
4983,0.0
4984,0.0
4985,0.0
4986,0.0
4989,0.0
4990,0.0
4992,0.0
4993,0.0
4994,0.0
4995,0.0
4996,0.0
4997,0.0
5001,0.0
5002,0.0
5004,0.0
5006,0.0
5007,0.0
5008,0.0
5009,0.0
5010,0.0
5013,0.0
5015,0.0
5016,0.0
5018,0.0
5022,0.0
5024,0.0
5026,0.0
5028,0.0
5033,0.0
5036,0.0
5038,0.0
5042,0.0
5043,0.0
5044,0.0
5049,0.0
5053,0.0
5054,0.0
5062,0.0
5069,0.0
5070,0.0
5072,0.0
5073,0.0
5074,0.0
5075,0.0
5077,0.0
5079,0.0
5080,0.0
5081,0.0
5082,0.0
5083,0.0
5085,0.0
5086,0.0
5087,0.0
5089,0.0
5095,0.0
5098,0.0
5102,0.0
5103,0.0
5108,0.0
5109,0.0
5112,0.0
5114,0.0
5115,0.0
5116,0.0
5117,0.0
5118,0.0
5123,0.0
5125,0.0
5132,0.0
5136,0.0
5137,0.0
5139,0.0
5141,0.0
5146,0.0
5148,0.0
5151,0.0
5152,0.0
5155,0.0
5156,0.0
5157,0.0
5159,0.0
5160,0.0
5162,0.0
5163,0.0
5164,0.0
5166,0.0
5167,0.0
5169,0.0
5170,0.0
5172,0.0
5176,0.0
5177,0.0
5182,0.0
5185,0.0
5189,0.0
5192,0.0
5193,0.0
5195,0.0
5196,0.0
5199,0.0
5200,0.0
5204,0.0
5205,0.0
5206,0.0
5210,0.0
5215,0.0
5217,0.0
5218,0.0
5220,0.0
5221,0.0
5222,0.0
5224,0.0
5227,0.0
5228,0.0
5229,0.0
5234,0.0
5236,0.0
5237,0.0
5239,0.0
5240,0.0
5243,0.0
5245,0.0
5253,0.0
5255,0.0
5258,0.0
5259,0.0
5261,0.0
5265,0.0
5266,0.0
5273,0.0
5274,0.0
5276,0.0
5277,0.0
5278,0.0
5279,0.0
5282,0.0
5283,0.0
5288,0.0
5291,0.0
5292,0.0
5294,0.0
5297,0.0
5298,0.0
5299,0.0
5302,0.0
5308,0.0
5309,0.0
5314,0.0
5316,0.0
5317,0.0
5323,0.0
5333,0.0
5339,0.0
5340,0.0
5344,0.0
5345,0.0
5346,0.0
5347,0.0
5352,0.0
5353,0.0
5355,0.0
5358,0.0
5362,0.0
5364,0.0
5367,0.0
5369,0.0
5372,0.0
5376,0.0
5377,0.0
5378,0.0
5379,0.0
5380,0.0
5382,0.0
5383,0.0
5384,0.0
5385,0.0
5388,0.0
5391,0.0
5392,0.0
5393,0.0
5395,0.0
5396,0.0
5398,0.0
5399,0.0
5405,0.0
5407,0.0
5411,0.0
5415,0.0
5417,0.0
5418,0.0
5420,0.0
5421,0.0
5422,0.0
5425,0.0
5429,0.0
5430,0.0
5434,0.0
5437,0.0
5440,0.0
5442,0.0
5443,0.0
5446,0.0
5450,0.0
5454,0.0
5456,0.0
5459,0.0
5460,0.0
5463,0.0
5465,0.0
5471,0.0
5473,0.0
5480,0.0
5482,0.0
5484,0.0
5485,0.0
5486,0.0
5487,0.0
5489,0.0
5493,0.0
5494,0.0
5495,0.0
5497,0.0
5498,0.0
5499,0.0
5501,0.0
5503,0.0
5506,0.0
5508,0.0
5509,0.0
5518,0.0
5524,0.0
5527,0.0
5529,0.0
5531,0.0
5533,0.0
5535,0.0
5537,0.0
5540,0.0
5541,0.0
5543,0.0
5546,0.0
5547,0.0
5549,0.0
5550,0.0
5551,0.0
5552,0.0
5553,0.0
5554,0.0
5555,0.0
5556,0.0
5559,0.0
5563,0.0
5565,0.0
5571,0.0
5573,0.0
5575,0.0
5577,0.0
5578,0.0
5580,0.0
5581,0.0
5583,0.0
5584,0.0
5586,0.0
5587,0.0
5589,0.0
5591,0.0
5593,0.0
5597,0.0
5598,0.0
5599,0.0
5601,0.0
5602,0.0
5604,0.0
5605,0.0
5606,0.0
5608,0.0
5609,0.0
5611,0.0
5614,0.0
5618,0.0
5621,0.0
5622,0.0
5623,0.0
5625,0.0
5629,0.0
5631,0.0
5634,0.0
5636,0.0
5637,0.0
5638,0.0
5640,0.0
5650,0.0
5652,0.0
5659,0.0
5663,0.0
5664,0.0
5665,0.0
5667,0.0
5669,0.0
5671,0.0
5674,0.0
5675,0.0
5677,0.0
5680,0.0
5682,0.0
5686,0.0
5691,0.0
5692,0.0
5694,0.0
5695,0.0
5698,0.0
5701,0.0
5704,0.0
5708,0.0
5710,0.0
5717,0.0
5719,0.0
5721,0.0
5723,0.0
5725,0.0
5726,0.0
5727,0.0
5731,0.0
5732,0.0
5733,0.0
5737,0.0
5739,0.0
5742,0.0
5744,0.0
5746,0.0
5747,0.0
5752,0.0
5755,0.0
5756,0.0
5758,0.0
5759,0.0
5761,0.0
5762,0.0
5764,0.0
5765,0.0
5768,0.0
5771,0.0
5772,0.0
5773,0.0
5776,0.0
5780,0.0
5782,0.0
5784,0.0
5785,0.0
5787,0.0
5791,0.0
5792,0.0
5800,0.0
5804,0.0
5805,0.0
5812,0.0
5813,0.0
5814,0.0
5815,0.0
5816,0.0
5819,0.0
5822,0.0
5823,0.0
5828,0.0
5831,0.0
5833,0.0
5834,0.0
5836,0.0
5841,0.0
5842,0.0
5843,0.0
5844,0.0
5847,0.0
5848,0.0
5849,0.0
5850,0.0
5852,0.0
5853,0.0
5854,0.0
5856,0.0
5860,0.0
5863,0.0
5864,0.0
5869,0.0
5870,0.0
5871,0.0
5872,0.0
5873,0.0
5874,0.0
5875,0.0
5876,0.0
5880,0.0
5881,0.0
5890,0.0
5891,0.0
5892,0.0
5894,0.0
5895,0.0
5896,0.0
5902,0.0
5904,0.0
5905,0.0
5908,0.0
5909,0.0
5915,0.0
5918,0.0
5920,0.0
5926,0.0
5927,0.0
5930,0.0
5931,0.0
5932,0.0
5934,0.0
5937,0.0
5943,0.0
5944,0.0
5945,0.0
5946,0.0
5947,0.0
5948,0.0
5949,0.0
5950,0.0
5956,0.0
5958,0.0
5960,0.0
5961,0.0
5963,0.0
5964,0.0
5966,0.0
5967,0.0
5968,0.0
5969,0.0
5970,0.0
5971,0.0
5977,0.0
5980,0.0
5981,0.0
5983,0.0
5987,0.0
5990,0.0
5991,0.0
5992,0.0
5993,0.0
5994,0.0
5996,0.0
5997,0.0
5998,0.0
5999,0.0
6000,0.0
6003,0.0
6004,0.0
6006,0.0
6007,0.0
6010,0.0
6011,0.0
6012,0.0
6018,0.0
6019,0.0
6020,0.0
6021,0.0
6022,0.0
6027,0.0
6028,0.0
6029,0.0
6030,0.0
6032,0.0
6033,0.0
6034,0.0
6035,0.0
6036,0.0
6037,0.0
6038,0.0
6040,0.0
6042,0.0
6044,0.0
6046,0.0
6047,0.0
6048,0.0
6051,0.0
6054,0.0
6055,0.0
6058,0.0
6061,0.0
6066,0.0
6071,0.0
6074,0.0
6075,0.0
6080,0.0
6082,0.0
6086,0.0
6087,0.0
6093,0.0
6103,0.0
6104,0.0
6105,0.0
6108,0.0
6110,0.0
6115,0.0
6116,0.0
6117,0.0
6118,0.0
6119,0.0
6120,0.0
6122,0.0
6123,0.0
6124,0.0
6125,0.0
6127,0.0
6128,0.0
6132,0.0
6133,0.0
6136,0.0
6140,0.0
6145,0.0
6151,0.0
6153,0.0
6155,0.0
6157,0.0
6159,0.0
6161,0.0
6162,0.0
6163,0.0
6164,0.0
6165,0.0
6166,0.0
6168,0.0
6170,0.0
6171,0.0
6173,0.0
6176,0.0
6181,0.0
6183,0.0
6184,0.0
6185,0.0
6187,0.0
6191,0.0
6192,0.0
6193,0.0
6196,0.0
6199,0.0
6200,0.0
6204,0.0
6205,0.0
6214,0.0
6217,0.0
6218,0.0
6219,0.0
6222,0.0
6223,0.0
6224,0.0
6225,0.0
6227,0.0
6228,0.0
6230,0.0
6232,0.0
6236,0.0
6237,0.0
6239,0.0
6241,0.0
6245,0.0
6247,0.0
6249,0.0
6250,0.0
6252,0.0
6253,0.0
6254,0.0
6255,0.0
6260,0.0
6261,0.0
6264,0.0
6265,0.0
6268,0.0
6272,0.0
6273,0.0
6274,0.0
6280,0.0
6282,0.0
6284,0.0
6289,0.0
6295,0.0
6296,0.0
6298,0.0
6299,0.0
6303,0.0
6304,0.0
6306,0.0
6309,0.0
6313,0.0
6314,0.0
6315,0.0
6316,0.0
6321,0.0
6322,0.0
6325,0.0
6326,0.0
6327,0.0
6333,0.0
6335,0.0
6337,0.0
6338,0.0
6339,0.0
6340,0.0
6341,0.0
6343,0.0
6345,0.0
6347,0.0
6349,0.0
6352,0.0
6354,0.0
6355,0.0
6363,0.0
6364,0.0
6365,0.0
6366,0.0
6367,0.0
6368,0.0
6370,0.0
6374,0.0
6375,0.0
6378,0.0
6379,0.0
6380,0.0
6381,0.0
6382,0.0
6384,0.0
6385,0.0
6388,0.0
6396,0.0
6397,0.0
6400,0.0
6403,0.0
6404,0.0
6405,0.0
6407,0.0
6408,0.0
6410,0.0
6411,0.0
6413,0.0
6418,0.0
6419,0.0
6423,0.0
6424,0.0
6425,0.0
6426,0.0
6427,0.0
6428,0.0
6430,0.0
6431,0.0
6435,0.0
6438,0.0
6440,0.0
6443,0.0
6444,0.0
6445,0.0
6447,0.0
6448,0.0
6451,0.0
6452,0.0
6453,0.0
6455,0.0
6458,0.0
6459,0.0
6461,0.0
6462,0.0
6463,0.0
6464,0.0
6465,0.0
6468,0.0
6472,0.0
6476,0.0
6478,0.0
6479,0.0
6483,0.0
6488,0.0
6493,0.0
6494,0.0
6495,0.0
6496,0.0
6498,0.0
6499,0.0
6504,0.0
6505,0.0
6506,0.0
6507,0.0
6508,0.0
6511,0.0
6514,0.0
6518,0.0
6519,0.0
6522,0.0
6526,0.0
6529,0.0
6530,0.0
6531,0.0
6533,0.0
6535,0.0
6537,0.0
6542,0.0
6551,0.0
6552,0.0
6555,0.0
6560,0.0
6562,0.0
6564,0.0
6567,0.0
6568,0.0
6569,0.0
6570,0.0
6571,0.0
6572,0.0
6573,0.0
6574,0.0
6575,0.0
6581,0.0
6582,0.0
6583,0.0
6584,0.0
6585,0.0
6587,0.0
6588,0.0
6594,0.0
6596,0.0
6598,0.0
6599,0.0
6602,0.0
6603,0.0
6606,0.0
6608,0.0
6609,0.0
6610,0.0
6611,0.0
6615,0.0
6618,0.0
6622,0.0
6627,0.0
6630,0.0
6634,0.0
6635,0.0
6643,0.0
6645,0.0
6651,0.0
6652,0.0
6654,0.0
6656,0.0
6659,0.0
6661,0.0
6666,0.0
6669,0.0
6670,0.0
6672,0.0
6673,0.0
6677,0.0
6681,0.0
6682,0.0
6683,0.0
6686,0.0
6690,0.0
6694,0.0
6697,0.0
6698,0.0
6700,0.0
6701,0.0
6702,0.0
6704,0.0
6705,0.0
6710,0.0
6719,0.0
6722,0.0
6725,0.0
6728,0.0
6734,0.0
6739,0.0
6741,0.0
6742,0.0
6745,0.0
6746,0.0
6751,0.0
6752,0.0
6759,0.0
6760,0.0
6762,0.0
6767,0.0
6769,0.0
6780,0.0
6781,0.0
6782,0.0
6783,0.0
6784,0.0
6786,0.0
6790,0.0
6792,0.0
6793,0.0
6798,0.0
6799,0.0
6800,0.0
6807,0.0
6809,0.0
6811,0.0
6812,0.0
6816,0.0
6820,0.0
6821,0.0
6822,0.0
6825,0.0
6832,0.0
6833,0.0
6840,0.0
6841,0.0
6844,0.0
6847,0.0
6849,0.0
6850,0.0
6852,0.0
6853,0.0
6854,0.0
6855,0.0
6858,0.0
6859,0.0
6861,0.0
6862,0.0
6863,0.0
6864,0.0
6867,0.0
6871,0.0
6873,0.0
6875,0.0
6878,0.0
6885,0.0
6887,0.0
6888,0.0
6890,0.0
6896,0.0
6899,0.0
6900,0.0
6902,0.0
6903,0.0
6904,0.0
6905,0.0
6906,0.0
6912,0.0
6914,0.0
6919,0.0
6920,0.0
6921,0.0
6925,0.0
6927,0.0
6929,0.0
6932,0.0
6933,0.0
6936,0.0
6938,0.0
6939,0.0
6940,0.0
6941,0.0
6942,0.0
6945,0.0
6946,0.0
6947,0.0
6950,0.0
6951,0.0
6952,0.0
6953,0.0
6954,0.0
6958,0.0
6959,0.0
6961,0.0
6963,0.0
6964,0.0
6965,0.0
6967,0.0
6969,0.0
6970,0.0
6971,0.0
6974,0.0
6976,0.0
6978,0.0
6979,0.0
6980,0.0
6986,0.0
6989,0.0
6990,0.0
6992,0.0
6993,0.0
6995,0.0
6996,0.0
6997,0.0
6998,0.0
6999,0.0
7000,0.0
7002,0.0
7004,0.0
7005,0.0
7006,0.0
7012,0.0
7013,0.0
7014,0.0
7015,0.0
7016,0.0
7019,0.0
7020,0.0
7021,0.0
7022,0.0
7023,0.0
7027,0.0
7030,0.0
7034,0.0
7036,0.0
7038,0.0
7046,0.0
7047,0.0
7048,0.0
7049,0.0
7051,0.0
7055,0.0
7061,0.0
7066,0.0
7067,0.0
7068,0.0
7069,0.0
7073,0.0
7076,0.0
7077,0.0
7084,0.0
7087,0.0
7091,0.0
7095,0.0
7096,0.0
7097,0.0
7100,0.0
7103,0.0
7105,0.0
7107,0.0
7108,0.0
7109,0.0
7113,0.0
7114,0.0
7116,0.0
7125,0.0
7126,0.0
7130,0.0
7133,0.0
7136,0.0
7140,0.0
7141,0.0
7143,0.0
7144,0.0
7145,0.0
7146,0.0
7147,0.0
7151,0.0
7157,0.0
7160,0.0
7162,0.0
7169,0.0
7170,0.0
7172,0.0
7174,0.0
7175,0.0
7176,0.0
7177,0.0
7179,0.0
7180,0.0
7187,0.0
7189,0.0
7190,0.0
7191,0.0
7194,0.0
7197,0.0
7198,0.0
7207,0.0
7212,0.0
7213,0.0
7216,0.0
7219,0.0
7221,0.0
7222,0.0
7223,0.0
7226,0.0
7229,0.0
7230,0.0
7231,0.0
7234,0.0
7240,0.0
7246,0.0
7252,0.0
7253,0.0
7257,0.0
7258,0.0
7259,0.0
7263,0.0
7265,0.0
7266,0.0
7270,0.0
7271,0.0
7273,0.0
7275,0.0
7277,0.0
7280,0.0
7282,0.0
7284,0.0
7285,0.0
7286,0.0
7287,0.0
7288,0.0
7289,0.0
7290,0.0
7295,0.0
7301,0.0
7309,0.0
7311,0.0
7316,0.0
7317,0.0
7318,0.0
7321,0.0
7322,0.0
7327,0.0
7328,0.0
7330,0.0
7336,0.0
7339,0.0
7340,0.0
7341,0.0
7342,0.0
7347,0.0
7348,0.0
7349,0.0
7350,0.0
7351,0.0
7352,0.0
7357,0.0
7358,0.0
7365,0.0
7368,0.0
7370,0.0
7371,0.0
7374,0.0
7376,0.0
7392,0.0
7393,0.0
7397,0.0
7404,0.0
7409,0.0
7410,0.0
7414,0.0
7415,0.0
7417,0.0
7421,0.0
7422,0.0
7423,0.0
7425,0.0
7426,0.0
7430,0.0
7435,0.0
7437,0.0
7441,0.0
7444,0.0
7445,0.0
7447,0.0
7454,0.0
7456,0.0
7458,0.0
7464,0.0
7465,0.0
7468,0.0
7469,0.0
7470,0.0
7471,0.0
7472,0.0
7473,0.0
7474,0.0
7476,0.0
7479,0.0
7481,0.0
7484,0.0
7485,0.0
7486,0.0
7488,0.0
7490,0.0
7491,0.0
7492,0.0
7493,0.0
7494,0.0
7496,0.0
7500,0.0
7502,0.0
7504,0.0
7506,0.0
7512,0.0
7514,0.0
7520,0.0
7526,0.0
7527,0.0
7528,0.0
7530,0.0
7532,0.0
7533,0.0
7534,0.0
7535,0.0
7536,0.0
7538,0.0
7540,0.0
7543,0.0
7547,0.0
7550,0.0
7551,0.0
7552,0.0
7554,0.0
7562,0.0
7564,0.0
7566,0.0
7567,0.0
7572,0.0
7573,0.0
7574,0.0
7575,0.0
7576,0.0
7577,0.0
7578,0.0
7582,0.0
7583,0.0
7584,0.0
7590,0.0
7595,0.0
7599,0.0
7603,0.0
7606,0.0
7607,0.0
7610,0.0
7611,0.0
7617,0.0
7618,0.0
7620,0.0
7622,0.0
7623,0.0
7625,0.0
7627,0.0
7629,0.0
7631,0.0
7632,0.0
7633,0.0
7636,0.0
7638,0.0
7640,0.0
7642,0.0
7647,0.0
7648,0.0
7649,0.0
7650,0.0
7651,0.0
7653,0.0
7654,0.0
7657,0.0
7661,0.0
7663,0.0
7665,0.0
7668,0.0
7669,0.0
7672,0.0
7673,0.0
7674,0.0
7675,0.0
7678,0.0
7680,0.0
7681,0.0
7682,0.0
7683,0.0
7696,0.0
7697,0.0
7702,0.0
7703,0.0
7708,0.0
7709,0.0
7710,0.0
7711,0.0
7714,0.0
7718,0.0
7722,0.0
7724,0.0
7727,0.0
7729,0.0
7730,0.0
7731,0.0
7732,0.0
7736,0.0
7737,0.0
7738,0.0
7742,0.0
7744,0.0
7745,0.0
7746,0.0
7747,0.0
7749,0.0
7753,0.0
7754,0.0
7756,0.0
7758,0.0
7759,0.0
7760,0.0
7761,0.0
7763,0.0
7764,0.0
7765,0.0
7766,0.0
7767,0.0
7771,0.0
7776,0.0
7779,0.0
7784,0.0
7789,0.0
7790,0.0
7792,0.0
7794,0.0
7797,0.0
7798,0.0
7807,0.0
7808,0.0
7810,0.0
7817,0.0
7819,0.0
7820,0.0
7824,0.0
7827,0.0
7828,0.0
7829,0.0
7832,0.0
7833,0.0
7835,0.0
7836,0.0
7841,0.0
7847,0.0
7848,0.0
7849,0.0
7854,0.0
7855,0.0
7858,0.0
7860,0.0
7861,0.0
7862,0.0
7864,0.0
7867,0.0
7869,0.0
7870,0.0
7871,0.0
7873,0.0
7876,0.0
7877,0.0
7881,0.0
7882,0.0
7884,0.0
7885,0.0
7886,0.0
7887,0.0
7892,0.0
7893,0.0
7894,0.0
7895,0.0
7896,0.0
7899,0.0
7900,0.0
7902,0.0
7906,0.0
7907,0.0
7908,0.0
7910,0.0
7912,0.0
7915,0.0
7917,0.0
7918,0.0
7923,0.0
7924,0.0
7930,0.0
7931,0.0
7932,0.0
7936,0.0
7938,0.0
7939,0.0
7940,0.0
7942,0.0
7944,0.0
7945,0.0
7947,0.0
7948,0.0
7950,0.0
7951,0.0
7952,0.0
7955,0.0
7956,0.0
7959,0.0
7961,0.0
7963,0.0
7967,0.0
7969,0.0
7972,0.0
7975,0.0
7977,0.0
7978,0.0
7979,0.0
7982,0.0
7985,0.0
7991,0.0
7996,0.0
7997,0.0
7999,0.0
8001,0.0
8002,0.0
8003,0.0
8004,0.0
8006,0.0
8010,0.0
8011,0.0
8013,0.0
8015,0.0
8016,0.0
8018,0.0
8027,0.0
8028,0.0
8029,0.0
8031,0.0
8037,0.0
8038,0.0
8047,0.0
8048,0.0
8049,0.0
8051,0.0
8053,0.0
8054,0.0
8057,0.0
8058,0.0
8060,0.0
8062,0.0
8063,0.0
8068,0.0
8069,0.0
8074,0.0
8076,0.0
8077,0.0
8079,0.0
8083,0.0
8085,0.0
8088,0.0
8094,0.0
8096,0.0
8098,0.0
8102,0.0
8103,0.0
8104,0.0
8106,0.0
8108,0.0
8109,0.0
8110,0.0
8112,0.0
8116,0.0
8117,0.0
8118,0.0
8121,0.0
8122,0.0
8123,0.0
8126,0.0
8127,0.0
8131,0.0
8132,0.0
8136,0.0
8140,0.0
8145,0.0
8147,0.0
8148,0.0
8152,0.0
8153,0.0
8157,0.0
8158,0.0
8161,0.0
8165,0.0
8167,0.0
8171,0.0
8173,0.0
8174,0.0
8175,0.0
8177,0.0
8179,0.0
8180,0.0
8181,0.0
8183,0.0
8184,0.0
8185,0.0
8186,0.0
8188,0.0
8194,0.0
8195,0.0
8197,0.0
8199,0.0
8200,0.0
8201,0.0
8204,0.0
8205,0.0
8206,0.0
8207,0.0
8210,0.0
8211,0.0
8213,0.0
8214,0.0
8217,0.0
8221,0.0
8229,0.0
8230,0.0
8231,0.0
8232,0.0
8237,0.0
8240,0.0
8243,0.0
8244,0.0
8245,0.0
8249,0.0
8252,0.0
8256,0.0
8260,0.0
8261,0.0
8262,0.0
8263,0.0
8264,0.0
8266,0.0
8267,0.0
8270,0.0
8271,0.0
8272,0.0
8274,0.0
8275,0.0
8276,0.0
8277,0.0
8279,0.0
8282,0.0
8284,0.0
8286,0.0
8287,0.0
8288,0.0
8289,0.0
8291,0.0
8293,0.0
8295,0.0
8301,0.0
8304,0.0
8309,0.0
8314,0.0
8319,0.0
8320,0.0
8324,0.0
8325,0.0
8326,0.0
8327,0.0
8332,0.0
8334,0.0
8338,0.0
8342,0.0
8346,0.0
8347,0.0
8350,0.0
8352,0.0
8354,0.0
8355,0.0
8357,0.0
8358,0.0
8360,0.0
8370,0.0
8375,0.0
8379,0.0
8381,0.0
8388,0.0
8389,0.0
8390,0.0
8391,0.0
8393,0.0
8396,0.0
8399,0.0
8400,0.0
8403,0.0
8405,0.0
8408,0.0
8411,0.0
8413,0.0
8414,0.0
8416,0.0
8417,0.0
8421,0.0
8422,0.0
8423,0.0
8429,0.0
8430,0.0
8432,0.0
8437,0.0
8439,0.0
8440,0.0
8442,0.0
8444,0.0
8445,0.0
8447,0.0
8448,0.0
8450,0.0
8452,0.0
8454,0.0
8455,0.0
8459,0.0
8462,0.0
8465,0.0
8466,0.0
8468,0.0
8470,0.0
8471,0.0
8472,0.0
8475,0.0
8476,0.0
8478,0.0
8479,0.0
8480,0.0
8482,0.0
8486,0.0
8490,0.0
8494,0.0
8501,0.0
8502,0.0
8503,0.0
8504,0.0
8507,0.0
8508,0.0
8510,0.0
8511,0.0
8512,0.0
8513,0.0
8514,0.0
8516,0.0
8517,0.0
8520,0.0
8521,0.0
8523,0.0
8527,0.0
8531,0.0
8532,0.0
8534,0.0
8542,0.0
8546,0.0
8547,0.0
8548,0.0
8550,0.0
8553,0.0
8555,0.0
8556,0.0
8559,0.0
8561,0.0
8562,0.0
8564,0.0
8568,0.0
8569,0.0
8570,0.0
8572,0.0
8577,0.0
8579,0.0
8580,0.0
8584,0.0
8585,0.0
8586,0.0
8594,0.0
8595,0.0
8597,0.0
8598,0.0
8600,0.0
8602,0.0
8603,0.0
8605,0.0
8608,0.0
8610,0.0
8612,0.0
8613,0.0
8617,0.0
8618,0.0
8624,0.0
8626,0.0
8628,0.0
8632,0.0
8635,0.0
8637,0.0
8642,0.0
8646,0.0
8647,0.0
8649,0.0
8651,0.0
8659,0.0
8670,0.0
8673,0.0
8675,0.0
8676,0.0
8678,0.0
8685,0.0
8689,0.0
8690,0.0
8694,0.0
8695,0.0
8696,0.0
8697,0.0
8698,0.0
8699,0.0
8700,0.0
8701,0.0
8702,0.0
8704,0.0
8705,0.0
8715,0.0
8716,0.0
8717,0.0
8725,0.0
8726,0.0
8730,0.0
8732,0.0
8733,0.0
8736,0.0
8740,0.0
8741,0.0
8745,0.0
8746,0.0
8749,0.0
8750,0.0
8753,0.0
8757,0.0
8758,0.0
8759,0.0
8764,0.0
8765,0.0
8766,0.0
8767,0.0
8769,0.0
8773,0.0
8781,0.0
8782,0.0
8784,0.0
8788,0.0
8790,0.0
8791,0.0
8794,0.0
8797,0.0
8802,0.0
8803,0.0
8804,0.0
8806,0.0
8811,0.0
8814,0.0
8817,0.0
8818,0.0
8821,0.0
8822,0.0
8823,0.0
8825,0.0
8829,0.0
8831,0.0
8833,0.0
8836,0.0
8839,0.0
8840,0.0
8843,0.0
8844,0.0
8845,0.0
8847,0.0
8851,0.0
8853,0.0
8855,0.0
8856,0.0
8864,0.0
8866,0.0
8871,0.0
8872,0.0
8875,0.0
8882,0.0
8886,0.0
8887,0.0
8888,0.0
8889,0.0
8890,0.0
8892,0.0
8894,0.0
8897,0.0
8898,0.0
8900,0.0
8902,0.0
8909,0.0
8911,0.0
8912,0.0
8913,0.0
8918,0.0
8919,0.0
8923,0.0
8926,0.0
8927,0.0
8928,0.0
8931,0.0
8932,0.0
8935,0.0
8940,0.0
8944,0.0
8945,0.0
8948,0.0
8949,0.0
8950,0.0
8952,0.0
8957,0.0
8958,0.0
8959,0.0
8971,0.0
8973,0.0
8976,0.0
8978,0.0
8982,0.0
8984,0.0
8986,0.0
8987,0.0
8989,0.0
8992,0.0
8993,0.0
8995,0.0
8996,0.0
8998,0.0
9004,0.0
9005,0.0
9011,0.0
9015,0.0
9016,0.0
9018,0.0
9019,0.0
9020,0.0
9022,0.0
9023,0.0
9025,0.0
9027,0.0
9028,0.0
9029,0.0
9030,0.0
9031,0.0
9032,0.0
9033,0.0
9040,0.0
9041,0.0
9042,0.0
9044,0.0
9045,0.0
9046,0.0
9051,0.0
9053,0.0
9057,0.0
9058,0.0
9059,0.0
9061,0.0
9065,0.0
9066,0.0
9071,0.0
9074,0.0
9077,0.0
9079,0.0
9082,0.0
9085,0.0
9086,0.0
9089,0.0
9090,0.0
9093,0.0
9094,0.0
9101,0.0
9103,0.0
9104,0.0
9108,0.0
9110,0.0
9111,0.0
9113,0.0
9114,0.0
9116,0.0
9118,0.0
9120,0.0
9123,0.0
9124,0.0
9128,0.0
9132,0.0
9133,0.0
9138,0.0
9139,0.0
9140,0.0
9143,0.0
9152,0.0
9155,0.0
9157,0.0
9164,0.0
9166,0.0
9169,0.0
9170,0.0
9176,0.0
9177,0.0
9178,0.0
9180,0.0
9181,0.0
9183,0.0
9184,0.0
9185,0.0
9186,0.0
9190,0.0
9200,0.0
9203,0.0
9205,0.0
9206,0.0
9208,0.0
9209,0.0
9210,0.0
9211,0.0
9212,0.0
9214,0.0
9218,0.0
9221,0.0
9222,0.0
9223,0.0
9224,0.0
9229,0.0
9231,0.0
9234,0.0
9236,0.0
9237,0.0
9239,0.0
9241,0.0
9242,0.0
9243,0.0
9246,0.0
9249,0.0
9254,0.0
9255,0.0
9256,0.0
9257,0.0
9258,0.0
9259,0.0
9260,0.0
9268,0.0
9269,0.0
9270,0.0
9273,0.0
9275,0.0
9276,0.0
9277,0.0
9282,0.0
9285,0.0
9288,0.0
9290,0.0
9291,0.0
9296,0.0
9298,0.0
9299,0.0
9305,0.0
9310,0.0
9312,0.0
9313,0.0
9316,0.0
9319,0.0
9323,0.0
9325,0.0
9327,0.0
9333,0.0
9335,0.0
9337,0.0
9339,0.0
9340,0.0
9341,0.0
9348,0.0
9350,0.0
9352,0.0
9354,0.0
9357,0.0
9360,0.0
9362,0.0
9365,0.0
9367,0.0
9369,0.0
9371,0.0
9373,0.0
9375,0.0
9377,0.0
9379,0.0
9381,0.0
9382,0.0
9385,0.0
9386,0.0
9387,0.0
9388,0.0
9389,0.0
9394,0.0
9400,0.0
9402,0.0
9406,0.0
9410,0.0
9412,0.0
9420,0.0
9422,0.0
9423,0.0
9428,0.0
9431,0.0
9433,0.0
9434,0.0
9437,0.0
9439,0.0
9440,0.0
9444,0.0
9445,0.0
9449,0.0
9451,0.0
9453,0.0
9458,0.0
9459,0.0
9460,0.0
9464,0.0
9467,0.0
9469,0.0
9474,0.0
9476,0.0
9480,0.0
9487,0.0
9488,0.0
9490,0.0
9491,0.0
9495,0.0
9496,0.0
9497,0.0
9499,0.0
9500,0.0
9501,0.0
9502,0.0
9504,0.0
9505,0.0
9506,0.0
9507,0.0
9508,0.0
9514,0.0
9515,0.0
9518,0.0
9520,0.0
9522,0.0
9524,0.0
9526,0.0
9529,0.0
9531,0.0
9533,0.0
9535,0.0
9536,0.0
9540,0.0
9541,0.0
9542,0.0
9544,0.0
9545,0.0
9546,0.0
9548,0.0
9550,0.0
9551,0.0
9552,0.0
9553,0.0
9554,0.0
9556,0.0
9565,0.0
9566,0.0
9567,0.0
9569,0.0
9570,0.0
9571,0.0
9575,0.0
9578,0.0
9579,0.0
9580,0.0
9581,0.0
9582,0.0
9583,0.0
9584,0.0
9589,0.0
9590,0.0
9592,0.0
9594,0.0
9595,0.0
9608,0.0
9615,0.0
9620,0.0
9621,0.0
9625,0.0
9626,0.0
9627,0.0
9629,0.0
9634,0.0
9636,0.0
9639,0.0
9640,0.0
9645,0.0
9646,0.0
9647,0.0
9649,0.0
9655,0.0
9656,0.0
9657,0.0
9660,0.0
9662,0.0
9663,0.0
9666,0.0
9668,0.0
9669,0.0
9673,0.0
9674,0.0
9676,0.0
9677,0.0
9678,0.0
9680,0.0
9682,0.0
9686,0.0
9688,0.0
9689,0.0
9694,0.0
9696,0.0
9697,0.0
9698,0.0
9702,0.0
9704,0.0
9705,0.0
9708,0.0
9710,0.0
9712,0.0
9714,0.0
9715,0.0
9716,0.0
9717,0.0
9718,0.0
9719,0.0
9726,0.0
9727,0.0
9728,0.0
9730,0.0
9732,0.0
9733,0.0
9738,0.0
9739,0.0
9740,0.0
9741,0.0
9742,0.0
9746,0.0
9748,0.0
9749,0.0
9750,0.0
9751,0.0
9752,0.0
9754,0.0
9755,0.0
9756,0.0
9762,0.0
9764,0.0
9766,0.0
9768,0.0
9769,0.0
9771,0.0
9772,0.0
9773,0.0
9774,0.0
9775,0.0
9777,0.0
9778,0.0
9779,0.0
9780,0.0
9781,0.0
9784,0.0
9785,0.0
9786,0.0
9788,0.0
9792,0.0
9793,0.0
9797,0.0
9798,0.0
9799,0.0
9800,0.0
9805,0.0
9820,0.0
9821,0.0
9823,0.0
9825,0.0
9826,0.0
9827,0.0
9828,0.0
9835,0.0
9838,0.0
9841,0.0
9845,0.0
9846,0.0
9851,0.0
9860,0.0
9862,0.0
9863,0.0
9864,0.0
9867,0.0
9874,0.0
9875,0.0
9878,0.0
9880,0.0
9884,0.0
9886,0.0
9887,0.0
9889,0.0
9890,0.0
9891,0.0
9892,0.0
9894,0.0
9898,0.0
9904,0.0
9911,0.0
9914,0.0
9917,0.0
9918,0.0
9920,0.0
9925,0.0
9926,0.0
9927,0.0
9929,0.0
9930,0.0
9932,0.0
9939,0.0
9940,0.0
9941,0.0
9944,0.0
9947,0.0
9948,0.0
9950,0.0
9951,0.0
9952,0.0
9955,0.0
9956,0.0
9958,0.0
9959,0.0
9964,0.0
9966,0.0
9971,0.0
9973,0.0
9975,0.0
9981,0.0
9984,0.0
9985,0.0
9987,0.0
9989,0.0
9992,0.0
9994,0.0
9995,0.0
9996,0.0
9998,0.0
10005,0.0
10014,0.0
10015,0.0
10016,0.0
10017,0.0
10021,0.0
10022,0.0
10023,0.0
10025,0.0
10026,0.0
10034,0.0
10040,0.0
10042,0.0
10043,0.0
10044,0.0
10045,0.0
10048,0.0
10051,0.0
10052,0.0
10053,0.0
10055,0.0
10058,0.0
10064,0.0
10065,0.0
10066,0.0
10068,0.0
10069,0.0
10081,0.0
10085,0.0
10089,0.0
10091,0.0
10099,0.0
10103,0.0
10104,0.0
10107,0.0
10110,0.0
10112,0.0
10113,0.0
10116,0.0
10118,0.0
10121,0.0
10125,0.0
10128,0.0
10134,0.0
10137,0.0
10139,0.0
10140,0.0
10147,0.0
10150,0.0
10151,0.0
10154,0.0
10155,0.0
10156,0.0
10158,0.0
10162,0.0
10163,0.0
10167,0.0
10169,0.0
10170,0.0
10174,0.0
10180,0.0
10182,0.0
10186,0.0
10188,0.0
10190,0.0
10191,0.0
10192,0.0
10193,0.0
10195,0.0
10202,0.0
10203,0.0
10207,0.0
10208,0.0
10209,0.0
10210,0.0
10211,0.0
10212,0.0
10215,0.0
10217,0.0
10219,0.0
10221,0.0
10223,0.0
10225,0.0
10226,0.0
10227,0.0
10233,0.0
10237,0.0
10238,0.0
10244,0.0
10245,0.0
10246,0.0
10247,0.0
10251,0.0
10252,0.0
10253,0.0
10254,0.0
10257,0.0
10261,0.0
10267,0.0
10268,0.0
10277,0.0
10280,0.0
10282,0.0
10284,0.0
10285,0.0
10286,0.0
10289,0.0
10291,0.0
10292,0.0
10293,0.0
10295,0.0
10296,0.0
10300,0.0
10302,0.0
10304,0.0
10305,0.0
10307,0.0
10308,0.0
10313,0.0
10316,0.0
10318,0.0
10319,0.0
10321,0.0
10323,0.0
10324,0.0
10325,0.0
10326,0.0
10327,0.0
10331,0.0
10335,0.0
10338,0.0
10341,0.0
10342,0.0
10343,0.0
10344,0.0
10345,0.0
10346,0.0
10347,0.0
10350,0.0
10356,0.0
10357,0.0
10359,0.0
10360,0.0
10361,0.0
10364,0.0
10365,0.0
10367,0.0
10372,0.0
10373,0.0
10377,0.0
10380,0.0
10381,0.0
10385,0.0
10387,0.0
10389,0.0
10391,0.0
10392,0.0
10393,0.0
10394,0.0
10395,0.0
10396,0.0
10399,0.0
10400,0.0
10401,0.0
10404,0.0
10405,0.0
10409,0.0
10414,0.0
10415,0.0
10421,0.0
10425,0.0
10426,0.0
10427,0.0
10428,0.0
10429,0.0
10430,0.0
10432,0.0
10436,0.0
10442,0.0
10444,0.0
10452,0.0
10453,0.0
10459,0.0
10466,0.0
10467,0.0
10468,0.0
10469,0.0
10470,0.0
10471,0.0
10485,0.0
10486,0.0
10490,0.0
10496,0.0
10501,0.0
10507,0.0
10508,0.0
10512,0.0
10513,0.0
10514,0.0
10518,0.0
10520,0.0
10521,0.0
10522,0.0
10528,0.0
10529,0.0
10530,0.0
10534,0.0
10535,0.0
10539,0.0
10540,0.0
10541,0.0
10543,0.0
10545,0.0
10548,0.0
10551,0.0
10554,0.0
10556,0.0
10559,0.0
10564,0.0
10565,0.0
10567,0.0
10568,0.0
10570,0.0
10571,0.0
10572,0.0
10575,0.0
10582,0.0
10583,0.0
10585,0.0
10586,0.0
10587,0.0
10588,0.0
10591,0.0
10596,0.0
10598,0.0
10599,0.0
10600,0.0
10602,0.0
10603,0.0
10607,0.0
10610,0.0
10615,0.0
10617,0.0
10618,0.0
10621,0.0
10623,0.0
10625,0.0
10627,0.0
10628,0.0
10629,0.0
10633,0.0
10635,0.0
10639,0.0
10643,0.0
10644,0.0
10645,0.0
10650,0.0
10653,0.0
10654,0.0
10657,0.0
10659,0.0
10662,0.0
10663,0.0
10666,0.0
10669,0.0
10671,0.0
10677,0.0
10680,0.0
10682,0.0
10685,0.0
10686,0.0
10689,0.0
10690,0.0
10691,0.0
10695,0.0
10700,0.0
10702,0.0
10703,0.0
10704,0.0
10708,0.0
10709,0.0
10716,0.0
10718,0.0
10720,0.0
10723,0.0
10724,0.0
10725,0.0
10727,0.0
10732,0.0
10734,0.0
10739,0.0
10741,0.0
10742,0.0
10748,0.0
10750,0.0
10755,0.0
10757,0.0
10759,0.0
10760,0.0
10766,0.0
10768,0.0
10769,0.0
10773,0.0
10777,0.0
10780,0.0
10788,0.0
10791,0.0
10795,0.0
10796,0.0
10797,0.0
10799,0.0
10800,0.0
10801,0.0
10803,0.0
10804,0.0
10805,0.0
10806,0.0
10808,0.0
10812,0.0
10816,0.0
10817,0.0
10818,0.0
10824,0.0
10826,0.0
10827,0.0
10836,0.0
10837,0.0
10843,0.0
10844,0.0
10845,0.0
10847,0.0
10848,0.0
10852,0.0
10853,0.0
10854,0.0
10857,0.0
10860,0.0
10861,0.0
10866,0.0
10868,0.0
10873,0.0
10875,0.0
10876,0.0
10877,0.0
10886,0.0
10889,0.0
10897,0.0
10899,0.0
10900,0.0
10901,0.0
10908,0.0
10909,0.0
10911,0.0
10914,0.0
10916,0.0
10920,0.0
10924,0.0
10929,0.0
10931,0.0
10932,0.0
10933,0.0
10934,0.0
10935,0.0
10938,0.0
10941,0.0
10943,0.0
10947,0.0
10948,0.0
10951,0.0
10952,0.0
10954,0.0
10957,0.0
10959,0.0
10961,0.0
10962,0.0
10964,0.0
10967,0.0
10970,0.0
10972,0.0
10974,0.0
10975,0.0
10985,0.0
10989,0.0
10990,0.0
10991,0.0
10994,0.0
10998,0.0
11007,0.0
11009,0.0
11010,0.0
11012,0.0
11013,0.0
11018,0.0
11020,0.0
11022,0.0
11025,0.0
11029,0.0
11030,0.0
11031,0.0
11034,0.0
11036,0.0
11040,0.0
11043,0.0
11044,0.0
11045,0.0
11047,0.0
11048,0.0
11049,0.0
11052,0.0
11053,0.0
11054,0.0
11055,0.0
11059,0.0
11064,0.0
11065,0.0
11072,0.0
11073,0.0
11074,0.0
11076,0.0
11080,0.0
11085,0.0
11086,0.0
11087,0.0
11090,0.0
11096,0.0
11101,0.0
11102,0.0
11103,0.0
11104,0.0
11107,0.0
11111,0.0
11113,0.0
11118,0.0
11124,0.0
11126,0.0
11127,0.0
11130,0.0
11131,0.0
11138,0.0
11143,0.0
11145,0.0
11146,0.0
11147,0.0
11149,0.0
11152,0.0
11154,0.0
11155,0.0
11156,0.0
11157,0.0
11158,0.0
11159,0.0
11161,0.0
11162,0.0
11166,0.0
11167,0.0
11170,0.0
11174,0.0
11176,0.0
11177,0.0
11178,0.0
11181,0.0
11188,0.0
11190,0.0
11191,0.0
11193,0.0
11196,0.0
11197,0.0
11199,0.0
11202,0.0
11203,0.0
11205,0.0
11207,0.0
11208,0.0
11209,0.0
11211,0.0
11213,0.0
11217,0.0
11218,0.0
11219,0.0
11221,0.0
11223,0.0
11224,0.0
11227,0.0
11231,0.0
11232,0.0
11234,0.0
11237,0.0
11240,0.0
11243,0.0
11247,0.0
11248,0.0
11249,0.0
11251,0.0
11253,0.0
11255,0.0
11256,0.0
11260,0.0
11263,0.0
11264,0.0
11265,0.0
11268,0.0
11269,0.0
11270,0.0
11273,0.0
11286,0.0
11287,0.0
11288,0.0
11291,0.0
11293,0.0
11294,0.0
11297,0.0
11299,0.0
11303,0.0
11304,0.0
11305,0.0
11307,0.0
11310,0.0
11313,0.0
11318,0.0
11320,0.0
11325,0.0
11327,0.0
11328,0.0
11333,0.0
11334,0.0
11335,0.0
11339,0.0
11341,0.0
11346,0.0
11347,0.0
11351,0.0
11353,0.0
11355,0.0
11356,0.0
11357,0.0
11360,0.0
11363,0.0
11364,0.0
11366,0.0
11369,0.0
11370,0.0
11371,0.0
11372,0.0
11374,0.0
11375,0.0
11379,0.0
11388,0.0
11395,0.0
11396,0.0
11401,0.0
11402,0.0
11403,0.0
11406,0.0
11407,0.0
11408,0.0
11410,0.0
11412,0.0
11413,0.0
11415,0.0
11416,0.0
11417,0.0
11418,0.0
11419,0.0
11421,0.0
11425,0.0
11426,0.0
11430,0.0
11431,0.0
11433,0.0
11434,0.0
11435,0.0
11437,0.0
11438,0.0
11444,0.0
11450,0.0
11454,0.0
11455,0.0
11458,0.0
11459,0.0
11460,0.0
11461,0.0
11465,0.0
11466,0.0
11468,0.0
11470,0.0
11473,0.0
11475,0.0
11476,0.0
11477,0.0
11478,0.0
11480,0.0
11481,0.0
11482,0.0
11484,0.0
11485,0.0
11488,0.0
11490,0.0
11493,0.0
11494,0.0
11495,0.0
11496,0.0
11497,0.0
11499,0.0
11500,0.0
11501,0.0
11503,0.0
11506,0.0
11509,0.0
11510,0.0
11514,0.0
11520,0.0
11522,0.0
11524,0.0
11525,0.0
11527,0.0
11532,0.0
11534,0.0
11535,0.0
11537,0.0
11540,0.0
11542,0.0
11543,0.0
11544,0.0
11547,0.0
11555,0.0
11556,0.0
11557,0.0
11558,0.0
11560,0.0
11561,0.0
11562,0.0
11564,0.0
11569,0.0
11570,0.0
11581,0.0
11582,0.0
11583,0.0
11586,0.0
11587,0.0
11590,0.0
11591,0.0
11594,0.0
11596,0.0
11597,0.0
11599,0.0
11600,0.0
11601,0.0
11606,0.0
11607,0.0
11616,0.0
11617,0.0
11618,0.0
11624,0.0
11626,0.0
11632,0.0
11635,0.0
11636,0.0
11638,0.0
11645,0.0
11651,0.0
11652,0.0
11654,0.0
11655,0.0
11656,0.0
11657,0.0
11659,0.0
11660,0.0
11664,0.0
11666,0.0
11669,0.0
11670,0.0
11671,0.0
11674,0.0
11677,0.0
11679,0.0
11680,0.0
11682,0.0
11683,0.0
11688,0.0
11689,0.0
11690,0.0
11692,0.0
11693,0.0
11695,0.0
11696,0.0
11697,0.0
11698,0.0
11699,0.0
11702,0.0
11703,0.0
11706,0.0
11707,0.0
11716,0.0
11718,0.0
11720,0.0
11723,0.0
11727,0.0
11729,0.0
11730,0.0
11733,0.0
11738,0.0
11740,0.0
11741,0.0
11742,0.0
11746,0.0
11756,0.0
11760,0.0
11764,0.0
11765,0.0
11768,0.0
11772,0.0
11773,0.0
11776,0.0
11777,0.0
11780,0.0
11782,0.0
11784,0.0
11785,0.0
11787,0.0
11789,0.0
11790,0.0
11791,0.0
11792,0.0
11795,0.0
11799,0.0
11802,0.0
11804,0.0
11805,0.0
11806,0.0
11807,0.0
11808,0.0
11809,0.0
11812,0.0
11815,0.0
11817,0.0
11818,0.0
11820,0.0
11821,0.0
11822,0.0
11823,0.0
11826,0.0
11827,0.0
11831,0.0
11833,0.0
11835,0.0
11836,0.0
11837,0.0
11838,0.0
11843,0.0
11847,0.0
11849,0.0
11855,0.0
11857,0.0
11859,0.0
11860,0.0
11865,0.0
11870,0.0
11872,0.0
11877,0.0
11878,0.0
11879,0.0
11884,0.0
11886,0.0
11889,0.0
11890,0.0
11893,0.0
11900,0.0
11902,0.0
11904,0.0
11905,0.0
11906,0.0
11910,0.0
11911,0.0
11912,0.0
11913,0.0
11919,0.0
11921,0.0
11922,0.0
11927,0.0
11928,0.0
11931,0.0
11932,0.0
11934,0.0
11935,0.0
11936,0.0
11937,0.0
11938,0.0
11942,0.0
11947,0.0
11949,0.0
11952,0.0
11955,0.0
11960,0.0
11963,0.0
11966,0.0
11967,0.0
11969,0.0
11971,0.0
11973,0.0
11974,0.0
11980,0.0
11994,0.0
11995,0.0
12000,0.0
12001,0.0
12003,0.0
12006,0.0
12007,0.0
12012,0.0
12015,0.0
12016,0.0
12017,0.0
12022,0.0
12023,0.0
12028,0.0
12036,0.0
12037,0.0
12038,0.0
12041,0.0
12044,0.0
12045,0.0
12046,0.0
12050,0.0
12051,0.0
12052,0.0
12053,0.0
12054,0.0
12055,0.0
12057,0.0
12059,0.0
12061,0.0
12063,0.0
12064,0.0
12065,0.0
12069,0.0
12070,0.0
12073,0.0
12074,0.0
12076,0.0
12079,0.0
12080,0.0
12082,0.0
12086,0.0
12094,0.0
12095,0.0
12096,0.0
12098,0.0
12099,0.0
12100,0.0
12101,0.0
12102,0.0
12104,0.0
12105,0.0
12106,0.0
12107,0.0
12108,0.0
12109,0.0
12110,0.0
12111,0.0
12113,0.0
12114,0.0
12116,0.0
12118,0.0
12119,0.0
12120,0.0
12121,0.0
12125,0.0
12127,0.0
12128,0.0
12129,0.0
12135,0.0
12136,0.0
12137,0.0
12138,0.0
12139,0.0
12140,0.0
12141,0.0
12142,0.0
12143,0.0
12144,0.0
12150,0.0
12152,0.0
12153,0.0
12155,0.0
12161,0.0
12165,0.0
12167,0.0
12169,0.0
12173,0.0
12177,0.0
12178,0.0
12179,0.0
12182,0.0
12183,0.0
12184,0.0
12185,0.0
12188,0.0
12190,0.0
12193,0.0
12196,0.0
12197,0.0
12199,0.0
12200,0.0
12201,0.0
12207,0.0
12209,0.0
12210,0.0
12214,0.0
12218,0.0
12220,0.0
12222,0.0
12223,0.0
12224,0.0
12225,0.0
12226,0.0
12227,0.0
12231,0.0
12232,0.0
12234,0.0
12239,0.0
12241,0.0
12242,0.0
12244,0.0
12246,0.0
12249,0.0
12251,0.0
12254,0.0
12255,0.0
12257,0.0
12259,0.0
12260,0.0
12262,0.0
12266,0.0
12268,0.0
12270,0.0
12273,0.0
12274,0.0
12275,0.0
12276,0.0
12278,0.0
12282,0.0
12283,0.0
12284,0.0
12286,0.0
12287,0.0
12288,0.0
12289,0.0
12290,0.0
12293,0.0
12294,0.0
12295,0.0
12296,0.0
12297,0.0
12300,0.0
12304,0.0
12305,0.0
12306,0.0
12307,0.0
12309,0.0
12310,0.0
12313,0.0
12318,0.0
12324,0.0
12325,0.0
12334,0.0
12336,0.0
12337,0.0
12338,0.0
12339,0.0
12341,0.0
12344,0.0
12345,0.0
12346,0.0
12347,0.0
12349,0.0
12352,0.0
12353,0.0
12354,0.0
12356,0.0
12359,0.0
12360,0.0
12362,0.0
12363,0.0
12367,0.0
12368,0.0
12372,0.0
12374,0.0
12375,0.0
12380,0.0
12382,0.0
12385,0.0
12388,0.0
12391,0.0
12396,0.0
12397,0.0
12398,0.0
12402,0.0
12403,0.0
12407,0.0
12408,0.0
12410,0.0
12412,0.0
12413,0.0
12414,0.0
12416,0.0
12420,0.0
12422,0.0
12423,0.0
12427,0.0
12428,0.0
12429,0.0
12430,0.0
12432,0.0
12434,0.0
12438,0.0
12439,0.0
12440,0.0
12441,0.0
12442,0.0
12443,0.0
12447,0.0
12448,0.0
12454,0.0
12461,0.0
12462,0.0
12463,0.0
12467,0.0
12468,0.0
12469,0.0
12473,0.0
12474,0.0
12476,0.0
12477,0.0
12479,0.0
12480,0.0
12482,0.0
12483,0.0
12486,0.0
12487,0.0
12490,0.0
12496,0.0
12498,0.0
12503,0.0
12506,0.0
12509,0.0
12510,0.0
12512,0.0
12514,0.0
12516,0.0
12517,0.0
12522,0.0
12523,0.0
12524,0.0
12525,0.0
12526,0.0
12527,0.0
12528,0.0
12531,0.0
12534,0.0
12535,0.0
12536,0.0
12537,0.0
12540,0.0
12544,0.0
12545,0.0
12548,0.0
12549,0.0
12553,0.0
12555,0.0
12556,0.0
12558,0.0
12559,0.0
12563,0.0
12568,0.0
12573,0.0
12574,0.0
12576,0.0
12580,0.0
12581,0.0
12584,0.0
12585,0.0
12586,0.0
12591,0.0
12593,0.0
12595,0.0
12596,0.0
12600,0.0
12601,0.0
12603,0.0
12604,0.0
12605,0.0
12606,0.0
12607,0.0
12610,0.0
12611,0.0
12612,0.0
12614,0.0
12615,0.0
12616,0.0
12617,0.0
12622,0.0
12623,0.0
12625,0.0
12626,0.0
12627,0.0
12628,0.0
12629,0.0
12631,0.0
12634,0.0
12636,0.0
12637,0.0
12638,0.0
12639,0.0
12640,0.0
12641,0.0
12643,0.0
12646,0.0
12648,0.0
12649,0.0
12651,0.0
12654,0.0
12655,0.0
12657,0.0
12658,0.0
12661,0.0
12662,0.0
12663,0.0
12665,0.0
12667,0.0
12668,0.0
12671,0.0
12674,0.0
12675,0.0
12676,0.0
12679,0.0
12682,0.0
12683,0.0
12688,0.0
12691,0.0
12692,0.0
12694,0.0
12695,0.0
12697,0.0
12699,0.0
12703,0.0
12705,0.0
12712,0.0
12714,0.0
12718,0.0
12719,0.0
12721,0.0
12723,0.0
12729,0.0
12731,0.0
12734,0.0
12735,0.0
12737,0.0
12747,0.0
12749,0.0
12753,0.0
12754,0.0
12756,0.0
12757,0.0
12761,0.0
12763,0.0
12764,0.0
12765,0.0
12767,0.0
12768,0.0
12772,0.0
12774,0.0
12775,0.0
12779,0.0
12782,0.0
12786,0.0
12790,0.0
12791,0.0
12795,0.0
12797,0.0
12799,0.0
12800,0.0
12801,0.0
12802,0.0
12804,0.0
12805,0.0
12806,0.0
12807,0.0
12808,0.0
12809,0.0
12811,0.0
12813,0.0
12815,0.0
12818,0.0
12819,0.0
12823,0.0
12825,0.0
12832,0.0
12833,0.0
12834,0.0
12838,0.0
12839,0.0
12841,0.0
12843,0.0
12845,0.0
12846,0.0
12847,0.0
12848,0.0
12850,0.0
12853,0.0
12854,0.0
12855,0.0
12858,0.0
12859,0.0
12860,0.0
12861,0.0
12862,0.0
12866,0.0
12867,0.0
12872,0.0
12877,0.0
12882,0.0
12885,0.0
12886,0.0
12888,0.0
12890,0.0
12893,0.0
12901,0.0
12902,0.0
12904,0.0
12905,0.0
12906,0.0
12907,0.0
12910,0.0
12911,0.0
12916,0.0
12917,0.0
12919,0.0
12920,0.0
12924,0.0
12928,0.0
12930,0.0
12934,0.0
12935,0.0
12937,0.0
12940,0.0
12946,0.0
12948,0.0
12953,0.0
12956,0.0
12963,0.0
12965,0.0
12966,0.0
12972,0.0
12979,0.0
12983,0.0
12986,0.0
12997,0.0
12999,0.0
13000,0.0
13002,0.0
13006,0.0
13009,0.0
13010,0.0
13013,0.0
13014,0.0
13018,0.0
13019,0.0
13025,0.0
13027,0.0
13032,0.0
13036,0.0
13037,0.0
13038,0.0
13040,0.0
13042,0.0
13052,0.0
13058,0.0
13062,0.0
13063,0.0
13064,0.0
13072,0.0
13073,0.0
13076,0.0
13080,0.0
13081,0.0
13082,0.0
13084,0.0
13087,0.0
13089,0.0
13093,0.0
13095,0.0
13096,0.0
13097,0.0
13102,0.0
13103,0.0
13104,0.0
13106,0.0
13107,0.0
13114,0.0
13116,0.0
13120,0.0
13122,0.0
13127,0.0
13128,0.0
13129,0.0
13131,0.0
13133,0.0
13135,0.0
13139,0.0
13140,0.0
13141,0.0
13145,0.0
13146,0.0
13147,0.0
13149,0.0
13154,0.0
13158,0.0
13159,0.0
13162,0.0
13166,0.0
13167,0.0
13168,0.0
13172,0.0
13174,0.0
13176,0.0
13177,0.0
13178,0.0
13180,0.0
13181,0.0
13182,0.0
13183,0.0
13184,0.0
13187,0.0
13195,0.0
13199,0.0
13200,0.0
13203,0.0
13205,0.0
13208,0.0
13210,0.0
13211,0.0
13215,0.0
13216,0.0
13219,0.0
13220,0.0
13229,0.0
13230,0.0
13232,0.0
13236,0.0
13237,0.0
13239,0.0
13241,0.0
13243,0.0
13244,0.0
13247,0.0
13251,0.0
13254,0.0
13255,0.0
13257,0.0
13259,0.0
13262,0.0
13264,0.0
13266,0.0
13272,0.0
13276,0.0
13277,0.0
13278,0.0
13280,0.0
13284,0.0
13286,0.0
13287,0.0
13290,0.0
13291,0.0
13292,0.0
13294,0.0
13295,0.0
13296,0.0
13297,0.0
13298,0.0
13301,0.0
13304,0.0
13306,0.0
13311,0.0
13312,0.0
13313,0.0
13315,0.0
13317,0.0
13320,0.0
13326,0.0
13327,0.0
13330,0.0
13331,0.0
13333,0.0
13337,0.0
13343,0.0
13344,0.0
13345,0.0
13348,0.0
13353,0.0
13354,0.0
13355,0.0
13357,0.0
13358,0.0
13363,0.0
13364,0.0
13367,0.0
13368,0.0
13369,0.0
13371,0.0
13372,0.0
13373,0.0
13375,0.0
13376,0.0
13377,0.0
13381,0.0
13389,0.0
13391,0.0
13393,0.0
13394,0.0
13396,0.0
13400,0.0
13404,0.0
13409,0.0
13411,0.0
13413,0.0
13414,0.0
13415,0.0
13417,0.0
13418,0.0
13420,0.0
13421,0.0
13425,0.0
13427,0.0
13428,0.0
13429,0.0
13430,0.0
13431,0.0
13432,0.0
13433,0.0
13434,0.0
13437,0.0
13438,0.0
13440,0.0
13441,0.0
13445,0.0
13446,0.0
13451,0.0
13455,0.0
13456,0.0
13457,0.0
13459,0.0
13460,0.0
13461,0.0
13462,0.0
13463,0.0
13472,0.0
13474,0.0
13475,0.0
13479,0.0
13480,0.0
13486,0.0
13490,0.0
13504,0.0
13505,0.0
13507,0.0
13512,0.0
13513,0.0
13515,0.0
13516,0.0
13517,0.0
13519,0.0
13520,0.0
13521,0.0
13529,0.0
13531,0.0
13534,0.0
13536,0.0
13539,0.0
13541,0.0
13545,0.0
13547,0.0
13551,0.0
13553,0.0
13555,0.0
13557,0.0
13558,0.0
13559,0.0
13561,0.0
13565,0.0
13566,0.0
13567,0.0
13571,0.0
13577,0.0
13578,0.0
13581,0.0
13583,0.0
13584,0.0
13586,0.0
13587,0.0
13590,0.0
13597,0.0
13601,0.0
13602,0.0
13603,0.0
13604,0.0
13605,0.0
13609,0.0
13610,0.0
13611,0.0
13612,0.0
13615,0.0
13616,0.0
13619,0.0
13627,0.0
13629,0.0
13630,0.0
13634,0.0
13636,0.0
13640,0.0
13641,0.0
13642,0.0
13645,0.0
13647,0.0
13648,0.0
13651,0.0
13654,0.0
13655,0.0
13656,0.0
13661,0.0
13663,0.0
13664,0.0
13665,0.0
13666,0.0
13667,0.0
13671,0.0
13672,0.0
13674,0.0
13680,0.0
13681,0.0
13682,0.0
13684,0.0
13686,0.0
13699,0.0
13701,0.0
13704,0.0
13708,0.0
13709,0.0
13710,0.0
13716,0.0
13720,0.0
13721,0.0
13722,0.0
13724,0.0
13726,0.0
13727,0.0
13728,0.0
13733,0.0
13734,0.0
13735,0.0
13740,0.0
13741,0.0
13743,0.0
13744,0.0
13746,0.0
13750,0.0
13752,0.0
13759,0.0
13764,0.0
13767,0.0
13770,0.0
13771,0.0
13772,0.0
13775,0.0
13776,0.0
13778,0.0
13779,0.0
13781,0.0
13783,0.0
13784,0.0
13786,0.0
13788,0.0
13790,0.0
13791,0.0
13795,0.0
13798,0.0
13799,0.0
13802,0.0
13805,0.0
13812,0.0
13813,0.0
13815,0.0
13816,0.0
13817,0.0
13818,0.0
13819,0.0
13820,0.0
13824,0.0
13825,0.0
13826,0.0
13829,0.0
13838,0.0
13839,0.0
13842,0.0
13844,0.0
13847,0.0
13849,0.0
13850,0.0
13851,0.0
13853,0.0
13859,0.0
13861,0.0
13863,0.0
13864,0.0
13866,0.0
13869,0.0
13876,0.0
13878,0.0
13880,0.0
13881,0.0
13883,0.0
13884,0.0
13890,0.0
13891,0.0
13895,0.0
13904,0.0
13906,0.0
13907,0.0
13910,0.0
13911,0.0
13914,0.0
13921,0.0
13923,0.0
13924,0.0
13926,0.0
13928,0.0
13929,0.0
13932,0.0
13934,0.0
13935,0.0
13937,0.0
13938,0.0
13940,0.0
13943,0.0
13947,0.0
13950,0.0
13952,0.0
13955,0.0
13958,0.0
13959,0.0
13960,0.0
13964,0.0
13965,0.0
13970,0.0
13971,0.0
13972,0.0
13975,0.0
13981,0.0
13984,0.0
13985,0.0
13986,0.0
13993,0.0
13994,0.0
13996,0.0
14000,0.0
14001,0.0
14002,0.0
14003,0.0
14010,0.0
14012,0.0
14013,0.0
14021,0.0
14023,0.0
14024,0.0
14025,0.0
14027,0.0
14030,0.0
14031,0.0
14032,0.0
14033,0.0
14034,0.0
14035,0.0
14037,0.0
14041,0.0
14042,0.0
14043,0.0
14044,0.0
14046,0.0
14047,0.0
14054,0.0
14059,0.0
14060,0.0
14061,0.0
14066,0.0
14067,0.0
14070,0.0
14080,0.0
14083,0.0
14086,0.0
14088,0.0
14091,0.0
14095,0.0
14097,0.0
14099,0.0
14100,0.0
14106,0.0
14111,0.0
14112,0.0
14113,0.0
14114,0.0
14115,0.0
14119,0.0
14121,0.0
14124,0.0
14125,0.0
14130,0.0
14131,0.0
14132,0.0
14134,0.0
14136,0.0
14137,0.0
14138,0.0
14139,0.0
14141,0.0
14142,0.0
14148,0.0
14149,0.0
14150,0.0
14151,0.0
14153,0.0
14158,0.0
14166,0.0
14168,0.0
14169,0.0
14170,0.0
14171,0.0
14172,0.0
14173,0.0
14174,0.0
14175,0.0
14176,0.0
14177,0.0
14181,0.0
14184,0.0
14187,0.0
14188,0.0
14193,0.0
14194,0.0
14195,0.0
14197,0.0
14199,0.0
14201,0.0
14204,0.0
14207,0.0
14209,0.0
14216,0.0
14217,0.0
14221,0.0
14223,0.0
14224,0.0
14230,0.0
14231,0.0
14232,0.0
14233,0.0
14237,0.0
14242,0.0
14243,0.0
14244,0.0
14246,0.0
14249,0.0
14250,0.0
14252,0.0
14253,0.0
14256,0.0
14258,0.0
14261,0.0
14262,0.0
14265,0.0
14271,0.0
14273,0.0
14279,0.0
14280,0.0
14284,0.0
14288,0.0
14291,0.0
14292,0.0
14293,0.0
14295,0.0
14297,0.0
14298,0.0
14301,0.0
14302,0.0
14303,0.0
14306,0.0
14308,0.0
14309,0.0
14310,0.0
14311,0.0
14312,0.0
14316,0.0
14318,0.0
14322,0.0
14323,0.0
14324,0.0
14326,0.0
14328,0.0
14331,0.0
14332,0.0
14335,0.0
14337,0.0
14338,0.0
14339,0.0
14344,0.0
14346,0.0
14348,0.0
14350,0.0
14353,0.0
14356,0.0
14357,0.0
14359,0.0
14362,0.0
14365,0.0
14366,0.0
14374,0.0
14375,0.0
14378,0.0
14379,0.0
14385,0.0
14388,0.0
14390,0.0
14392,0.0
14394,0.0
14398,0.0
14399,0.0
14403,0.0
14406,0.0
14407,0.0
14409,0.0
14410,0.0
14414,0.0
14415,0.0
14417,0.0
14418,0.0
14420,0.0
14421,0.0
14425,0.0
14426,0.0
14428,0.0
14431,0.0
14434,0.0
14437,0.0
14438,0.0
14439,0.0
14440,0.0
14441,0.0
14446,0.0
14447,0.0
14448,0.0
14453,0.0
14455,0.0
14458,0.0
14460,0.0
14467,0.0
14468,0.0
14469,0.0
14470,0.0
14471,0.0
14472,0.0
14473,0.0
14477,0.0
14480,0.0
14481,0.0
14483,0.0
14484,0.0
14485,0.0
14487,0.0
14490,0.0
14491,0.0
14493,0.0
14494,0.0
14495,0.0
14496,0.0
14497,0.0
14500,0.0
14502,0.0
14504,0.0
14505,0.0
14506,0.0
14510,0.0
14511,0.0
14514,0.0
14515,0.0
14516,0.0
14517,0.0
14520,0.0
14522,0.0
14526,0.0
14527,0.0
14529,0.0
14530,0.0
14531,0.0
14537,0.0
14539,0.0
14540,0.0
14544,0.0
14546,0.0
14548,0.0
14549,0.0
14551,0.0
14552,0.0
14559,0.0
14560,0.0
14561,0.0
14563,0.0
14564,0.0
14565,0.0
14568,0.0
14569,0.0
14572,0.0
14574,0.0
14575,0.0
14577,0.0
14580,0.0
14583,0.0
14584,0.0
14585,0.0
14588,0.0
14597,0.0
14601,0.0
14604,0.0
14605,0.0
14606,0.0
14609,0.0
14614,0.0
14616,0.0
14617,0.0
14618,0.0
14619,0.0
14621,0.0
14622,0.0
14624,0.0
14626,0.0
14627,0.0
14628,0.0
14630,0.0
14631,0.0
14633,0.0
14636,0.0
14639,0.0
14640,0.0
14643,0.0
14646,0.0
14647,0.0
14651,0.0
14652,0.0
14653,0.0
14658,0.0
14660,0.0
14666,0.0
14667,0.0
14669,0.0
14670,0.0
14671,0.0
14672,0.0
14673,0.0
14674,0.0
14675,0.0
14676,0.0
14677,0.0
14679,0.0
14680,0.0
14681,0.0
14683,0.0
14687,0.0
14688,0.0
14690,0.0
14692,0.0
14694,0.0
14697,0.0
14700,0.0
14702,0.0
14707,0.0
14713,0.0
14714,0.0
14718,0.0
14721,0.0
14725,0.0
14728,0.0
14730,0.0
14731,0.0
14732,0.0
14733,0.0
14734,0.0
14736,0.0
14737,0.0
14744,0.0
14745,0.0
14747,0.0
14751,0.0
14755,0.0
14757,0.0
14758,0.0
14759,0.0
14761,0.0
14762,0.0
14763,0.0
14764,0.0
14766,0.0
14768,0.0
14773,0.0
14777,0.0
14780,0.0
14782,0.0
14791,0.0
14793,0.0
14794,0.0
14797,0.0
14799,0.0
14806,0.0
14807,0.0
14809,0.0
14810,0.0
14811,0.0
14814,0.0
14815,0.0
14816,0.0
14817,0.0
14818,0.0
14824,0.0
14825,0.0
14826,0.0
14827,0.0
14829,0.0
14830,0.0
14834,0.0
14835,0.0
14843,0.0
14844,0.0
14845,0.0
14849,0.0
14855,0.0
14857,0.0
14858,0.0
14859,0.0
14860,0.0
14865,0.0
14869,0.0
14870,0.0
14871,0.0
14874,0.0
14880,0.0
14881,0.0
14882,0.0
14883,0.0
14890,0.0
14893,0.0
14896,0.0
14897,0.0
14898,0.0
14900,0.0
14901,0.0
14902,0.0
14906,0.0
14907,0.0
14908,0.0
14909,0.0
14911,0.0
14913,0.0
14914,0.0
14915,0.0
14917,0.0
14919,0.0
14921,0.0
14924,0.0
14925,0.0
14926,0.0
14927,0.0
14928,0.0
14930,0.0
14931,0.0
14935,0.0
14941,0.0
14946,0.0
14949,0.0
14950,0.0
14952,0.0
14953,0.0
14956,0.0
14957,0.0
14959,0.0
14961,0.0
14962,0.0
14963,0.0
14964,0.0
14966,0.0
14967,0.0
14973,0.0
14974,0.0
14975,0.0
14976,0.0
14980,0.0
14981,0.0
14984,0.0
14987,0.0
14989,0.0
14994,0.0
15003,0.0
15006,0.0
15008,0.0
15010,0.0
15012,0.0
15015,0.0
15016,0.0
15017,0.0
15018,0.0
15019,0.0
15020,0.0
15021,0.0
15022,0.0
15024,0.0
15025,0.0
15026,0.0
15030,0.0
15032,0.0
15033,0.0
15040,0.0
15043,0.0
15046,0.0
15047,0.0
15049,0.0
15050,0.0
15051,0.0
15053,0.0
15059,0.0
15060,0.0
15066,0.0
15070,0.0
15071,0.0
15072,0.0
15074,0.0
15075,0.0
15076,0.0
15077,0.0
15079,0.0
15082,0.0
15087,0.0
15090,0.0
15092,0.0
